[2025-06-27 18:33:15,212] [INFO] tick: 1, speed: 2.933689594268799, pos: -37.85331726074219
[2025-06-27 18:33:15,213] [INFO] nominal control cannot reach with 23.93259032679174
[2025-06-27 18:33:15,213] [INFO] acc = 2
[2025-06-27 18:33:15,213] [INFO] VehicleControl(throttle=0.500000, steer=0.000000, brake=0.000000, hand_brake=False, reverse=False, manual_gear_shift=False, gear=0)
[2025-06-27 18:33:15,429] [INFO] tick: 2, speed: 2.9272680282592773, pos: -37.41380310058594
[2025-06-27 18:33:15,429] [INFO] nominal control cannot reach with 23.925945543330954
[2025-06-27 18:33:15,429] [INFO] acc = 2
[2025-06-27 18:33:15,429] [INFO] VehicleControl(throttle=0.500000, steer=0.000000, brake=0.000000, hand_brake=False, reverse=False, manual_gear_shift=False, gear=0)
[2025-06-27 18:33:15,648] [INFO] tick: 3, speed: 2.9209556579589844, pos: -36.975242614746094
[2025-06-27 18:33:15,648] [INFO] nominal control cannot reach with 23.91939365595681
[2025-06-27 18:33:15,648] [INFO] acc = 2
[2025-06-27 18:33:15,648] [INFO] VehicleControl(throttle=0.500000, steer=0.000000, brake=0.000000, hand_brake=False, reverse=False, manual_gear_shift=False, gear=0)
[2025-06-27 18:33:15,860] [INFO] tick: 4, speed: 2.914659261703491, pos: -36.53761291503906
[2025-06-27 18:33:15,860] [INFO] nominal control cannot reach with 23.912838501300243
[2025-06-27 18:33:15,860] [INFO] acc = 2
[2025-06-27 18:33:15,860] [INFO] VehicleControl(throttle=0.500000, steer=0.000000, brake=0.000000, hand_brake=False, reverse=False, manual_gear_shift=False, gear=0)
[2025-06-27 18:33:16,094] [INFO] tick: 5, speed: 2.9083735942840576, pos: -36.100921630859375
[2025-06-27 18:33:16,095] [INFO] nominal control cannot reach with 23.906274744727952
[2025-06-27 18:33:16,095] [INFO] acc = 2
[2025-06-27 18:33:16,095] [INFO] VehicleControl(throttle=0.500000, steer=0.000000, brake=0.000000, hand_brake=False, reverse=False, manual_gear_shift=False, gear=0)
[2025-06-27 18:33:16,337] [INFO] tick: 6, speed: 2.9021050930023193, pos: -35.665199279785156
[2025-06-27 18:33:16,337] [INFO] nominal control cannot reach with 23.899709239798298
[2025-06-27 18:33:16,337] [INFO] acc = 2
[2025-06-27 18:33:16,338] [INFO] VehicleControl(throttle=0.500000, steer=0.000000, brake=0.000000, hand_brake=False, reverse=False, manual_gear_shift=False, gear=0)
[2025-06-27 18:33:16,546] [INFO] tick: 7, speed: 2.895848512649536, pos: -35.23040771484375
[2025-06-27 18:33:16,547] [INFO] nominal control cannot reach with 23.893136629570208
[2025-06-27 18:33:16,547] [INFO] acc = 2
[2025-06-27 18:33:16,547] [INFO] VehicleControl(throttle=0.500000, steer=0.000000, brake=0.000000, hand_brake=False, reverse=False, manual_gear_shift=False, gear=0)
[2025-06-27 18:33:16,776] [INFO] tick: 8, speed: 2.88960599899292, pos: -34.796539306640625
[2025-06-27 18:33:16,776] [INFO] nominal control cannot reach with 23.886559290128332
[2025-06-27 18:33:16,776] [INFO] acc = 2
[2025-06-27 18:33:16,776] [INFO] VehicleControl(throttle=0.500000, steer=0.000000, brake=0.000000, hand_brake=False, reverse=False, manual_gear_shift=False, gear=0)
[2025-06-27 18:33:17,003] [INFO] tick: 9, speed: 2.8833792209625244, pos: -34.363616943359375
[2025-06-27 18:33:17,004] [INFO] nominal control cannot reach with 23.879979119436697
[2025-06-27 18:33:17,004] [INFO] acc = 2
[2025-06-27 18:33:17,004] [INFO] VehicleControl(throttle=0.500000, steer=0.000000, brake=0.000000, hand_brake=False, reverse=False, manual_gear_shift=False, gear=0)
[2025-06-27 18:33:17,208] [INFO] tick: 10, speed: 2.8771660327911377, pos: -33.93162536621094
[2025-06-27 18:33:17,208] [INFO] nominal control cannot reach with 23.87339398691607
[2025-06-27 18:33:17,208] [INFO] acc = 2
[2025-06-27 18:33:17,208] [INFO] VehicleControl(throttle=0.500000, steer=0.000000, brake=0.000000, hand_brake=False, reverse=False, manual_gear_shift=False, gear=0)
[2025-06-27 18:33:17,413] [INFO] tick: 11, speed: 2.8709652423858643, pos: -33.500572204589844
[2025-06-27 18:33:17,414] [INFO] nominal control cannot reach with 23.86680275021773
[2025-06-27 18:33:17,414] [INFO] acc = 2
[2025-06-27 18:33:17,414] [INFO] VehicleControl(throttle=0.500000, steer=0.000000, brake=0.000000, hand_brake=False, reverse=False, manual_gear_shift=False, gear=0)
[2025-06-27 18:33:17,646] [INFO] tick: 12, speed: 2.8647804260253906, pos: -33.07044219970703
[2025-06-27 18:33:17,646] [INFO] nominal control cannot reach with 23.860209342728922
[2025-06-27 18:33:17,646] [INFO] acc = 2
[2025-06-27 18:33:17,646] [INFO] VehicleControl(throttle=0.500000, steer=0.000000, brake=0.000000, hand_brake=False, reverse=False, manual_gear_shift=False, gear=0)
[2025-06-27 18:33:17,865] [INFO] tick: 13, speed: 2.8586082458496094, pos: -32.6412353515625
[2025-06-27 18:33:17,865] [INFO] nominal control cannot reach with 23.85361033881418
[2025-06-27 18:33:17,866] [INFO] acc = 2
[2025-06-27 18:33:17,866] [INFO] VehicleControl(throttle=0.500000, steer=0.000000, brake=0.000000, hand_brake=False, reverse=False, manual_gear_shift=False, gear=0)
[2025-06-27 18:33:18,084] [INFO] tick: 14, speed: 3.5346062183380127, pos: -32.165199279785156
[2025-06-27 18:33:18,085] [INFO] nominal control cannot reach with 24.463155266166595
[2025-06-27 18:33:18,085] [INFO] acc = 2
[2025-06-27 18:33:18,085] [INFO] VehicleControl(throttle=0.500000, steer=0.000000, brake=0.000000, hand_brake=False, reverse=False, manual_gear_shift=False, gear=0)
[2025-06-27 18:33:18,296] [INFO] tick: 15, speed: 3.99157977104187, pos: -31.59259033203125
[2025-06-27 18:33:18,296] [INFO] nominal control cannot reach with 24.74577216045701
[2025-06-27 18:33:18,296] [INFO] acc = 2
[2025-06-27 18:33:18,297] [INFO] VehicleControl(throttle=0.500000, steer=0.000000, brake=0.000000, hand_brake=False, reverse=False, manual_gear_shift=False, gear=0)
[2025-06-27 18:33:18,518] [INFO] tick: 16, speed: 4.232345104217529, pos: -30.972396850585938
[2025-06-27 18:33:18,518] [INFO] nominal control cannot reach with 24.8526764902453
[2025-06-27 18:33:18,518] [INFO] acc = 2
[2025-06-27 18:33:18,519] [INFO] VehicleControl(throttle=0.500000, steer=0.000000, brake=0.000000, hand_brake=False, reverse=False, manual_gear_shift=False, gear=0)
[2025-06-27 18:33:18,744] [INFO] tick: 17, speed: 4.401098728179932, pos: -30.32305908203125
[2025-06-27 18:33:18,744] [INFO] nominal control cannot reach with 24.910329316653076
[2025-06-27 18:33:18,744] [INFO] acc = 2
[2025-06-27 18:33:18,744] [INFO] VehicleControl(throttle=0.500000, steer=0.000000, brake=0.000000, hand_brake=False, reverse=False, manual_gear_shift=False, gear=0)
[2025-06-27 18:33:18,947] [INFO] tick: 18, speed: 4.544567108154297, pos: -29.650794982910156
[2025-06-27 18:33:18,947] [INFO] nominal control cannot reach with 24.948145220256265
[2025-06-27 18:33:18,947] [INFO] acc = 2
[2025-06-27 18:33:18,947] [INFO] VehicleControl(throttle=0.500000, steer=0.000000, brake=0.000000, hand_brake=False, reverse=False, manual_gear_shift=False, gear=0)
[2025-06-27 18:33:19,170] [INFO] tick: 19, speed: 4.677224159240723, pos: -28.957992553710938
[2025-06-27 18:33:19,170] [INFO] nominal control cannot reach with 24.973953939155535
[2025-06-27 18:33:19,170] [INFO] acc = 2
[2025-06-27 18:33:19,170] [INFO] VehicleControl(throttle=0.500000, steer=0.000000, brake=0.000000, hand_brake=False, reverse=False, manual_gear_shift=False, gear=0)
[2025-06-27 18:33:19,397] [INFO] tick: 20, speed: 4.803603649139404, pos: -28.245834350585938
[2025-06-27 18:33:19,398] [INFO] nominal control cannot reach with 24.99035711834216
[2025-06-27 18:33:19,398] [INFO] acc = 2
[2025-06-27 18:33:19,398] [INFO] VehicleControl(throttle=0.500000, steer=0.000000, brake=0.000000, hand_brake=False, reverse=False, manual_gear_shift=False, gear=0)
[2025-06-27 18:33:19,615] [INFO] tick: 21, speed: 4.925201416015625, pos: -27.515121459960938
[2025-06-27 18:33:19,616] [INFO] nominal control cannot reach with 24.998601292958483
[2025-06-27 18:33:19,616] [INFO] acc = 2
[2025-06-27 18:33:19,616] [INFO] VehicleControl(throttle=0.500000, steer=0.000000, brake=0.000000, hand_brake=False, reverse=False, manual_gear_shift=False, gear=0)
[2025-06-27 18:33:19,830] [INFO] tick: 22, speed: 5.042644500732422, pos: -26.766510009765625
[2025-06-27 18:33:19,830] [INFO] nominal control cannot reach with 25
[2025-06-27 18:33:19,830] [INFO] acc = 0
[2025-06-27 18:33:19,830] [INFO] VehicleControl(throttle=0.000000, steer=0.000000, brake=0.000000, hand_brake=False, reverse=False, manual_gear_shift=False, gear=0)
[2025-06-27 18:33:20,043] [INFO] tick: 23, speed: 5.145049095153809, pos: -26.00086212158203
[2025-06-27 18:33:20,043] [INFO] nominal control cannot reach with 25
[2025-06-27 18:33:20,043] [INFO] acc = 0
[2025-06-27 18:33:20,043] [INFO] VehicleControl(throttle=0.000000, steer=0.000000, brake=0.000000, hand_brake=False, reverse=False, manual_gear_shift=False, gear=0)
[2025-06-27 18:33:20,292] [INFO] tick: 24, speed: 4.9497551918029785, pos: -25.24212646484375
[2025-06-27 18:33:20,292] [INFO] nominal control cannot reach with 24.99936886481231
[2025-06-27 18:33:20,292] [INFO] acc = 2
[2025-06-27 18:33:20,293] [INFO] VehicleControl(throttle=0.500000, steer=0.000000, brake=0.000000, hand_brake=False, reverse=False, manual_gear_shift=False, gear=0)
[2025-06-27 18:33:20,517] [INFO] tick: 25, speed: 4.6944427490234375, pos: -24.52039337158203
[2025-06-27 18:33:20,517] [INFO] nominal control cannot reach with 24.97665869159391
[2025-06-27 18:33:20,517] [INFO] acc = 2
[2025-06-27 18:33:20,517] [INFO] VehicleControl(throttle=0.500000, steer=0.000000, brake=0.000000, hand_brake=False, reverse=False, manual_gear_shift=False, gear=0)
[2025-06-27 18:33:20,733] [INFO] tick: 26, speed: 4.599916458129883, pos: -23.827293395996094
[2025-06-27 18:33:20,733] [INFO] nominal control cannot reach with 24.959983289881166
[2025-06-27 18:33:20,733] [INFO] acc = 2
[2025-06-27 18:33:20,733] [INFO] VehicleControl(throttle=0.500000, steer=0.000000, brake=0.000000, hand_brake=False, reverse=False, manual_gear_shift=False, gear=0)
[2025-06-27 18:33:20,947] [INFO] tick: 27, speed: 4.661105155944824, pos: -23.13306427001953
[2025-06-27 18:33:20,947] [INFO] nominal control cannot reach with 24.971287571168205
[2025-06-27 18:33:20,947] [INFO] acc = 2
[2025-06-27 18:33:20,947] [INFO] VehicleControl(throttle=0.500000, steer=0.000000, brake=0.000000, hand_brake=False, reverse=False, manual_gear_shift=False, gear=0)
[2025-06-27 18:33:21,295] [INFO] tick: 28, speed: 4.766388416290283, pos: -22.425323486328125
[2025-06-27 18:33:21,295] [INFO] nominal control cannot reach with 24.98635640698916
[2025-06-27 18:33:21,296] [INFO] acc = 2
[2025-06-27 18:33:21,296] [INFO] VehicleControl(throttle=0.500000, steer=0.000000, brake=0.000000, hand_brake=False, reverse=False, manual_gear_shift=False, gear=0)
[2025-06-27 18:33:21,912] [INFO] tick: 29, speed: 4.882380962371826, pos: -21.700714111328125
[2025-06-27 18:33:21,912] [INFO] nominal control cannot reach with 24.996541440496856
[2025-06-27 18:33:21,912] [INFO] acc = 2
[2025-06-27 18:33:21,912] [INFO] VehicleControl(throttle=0.500000, steer=0.000000, brake=0.000000, hand_brake=False, reverse=False, manual_gear_shift=False, gear=0)
[2025-06-27 18:33:22,280] [INFO] tick: 30, speed: 4.998992443084717, pos: -20.958595275878906
[2025-06-27 18:33:22,280] [INFO] nominal control cannot reach with 24.999999746207266
[2025-06-27 18:33:22,280] [INFO] acc = 2
[2025-06-27 18:33:22,280] [INFO] VehicleControl(throttle=0.500000, steer=0.000000, brake=0.000000, hand_brake=False, reverse=False, manual_gear_shift=False, gear=0)
[2025-06-27 18:33:22,515] [INFO] tick: 31, speed: 5.113243103027344, pos: -20.199188232421875
[2025-06-27 18:33:22,515] [INFO] nominal control cannot reach with 25
[2025-06-27 18:33:22,515] [INFO] acc = 0
[2025-06-27 18:33:22,516] [INFO] VehicleControl(throttle=0.000000, steer=0.000000, brake=0.000000, hand_brake=False, reverse=False, manual_gear_shift=False, gear=0)
[2025-06-27 18:33:22,750] [INFO] tick: 32, speed: 5.186493873596191, pos: -19.42388153076172
[2025-06-27 18:33:22,750] [INFO] nominal control cannot reach with 25
[2025-06-27 18:33:22,750] [INFO] acc = 0
[2025-06-27 18:33:22,750] [INFO] VehicleControl(throttle=0.000000, steer=0.000000, brake=0.000000, hand_brake=False, reverse=False, manual_gear_shift=False, gear=0)
[2025-06-27 18:33:23,022] [INFO] tick: 33, speed: 4.974289417266846, pos: -18.662574768066406
[2025-06-27 18:33:23,022] [INFO] nominal control cannot reach with 24.99983474148388
[2025-06-27 18:33:23,022] [INFO] acc = 2
[2025-06-27 18:33:23,022] [INFO] VehicleControl(throttle=0.500000, steer=0.000000, brake=0.000000, hand_brake=False, reverse=False, manual_gear_shift=False, gear=0)
[2025-06-27 18:33:23,254] [INFO] tick: 34, speed: 4.734730243682861, pos: -17.935562133789062
[2025-06-27 18:33:23,255] [INFO] nominal control cannot reach with 24.98240798909586
[2025-06-27 18:33:23,255] [INFO] acc = 2
[2025-06-27 18:33:23,255] [INFO] VehicleControl(throttle=0.500000, steer=0.000000, brake=0.000000, hand_brake=False, reverse=False, manual_gear_shift=False, gear=0)
[2025-06-27 18:33:23,481] [INFO] tick: 35, speed: 4.643096923828125, pos: -17.236106872558594
[2025-06-27 18:33:23,481] [INFO] nominal control cannot reach with 24.968155048554763
[2025-06-27 18:33:23,481] [INFO] acc = 2
[2025-06-27 18:33:23,481] [INFO] VehicleControl(throttle=0.500000, steer=0.000000, brake=0.000000, hand_brake=False, reverse=False, manual_gear_shift=False, gear=0)
[2025-06-27 18:33:23,698] [INFO] tick: 36, speed: 4.703825950622559, pos: -16.535446166992188
[2025-06-27 18:33:23,698] [INFO] nominal control cannot reach with 24.978070233118842
[2025-06-27 18:33:23,698] [INFO] acc = 2
[2025-06-27 18:33:23,698] [INFO] VehicleControl(throttle=0.500000, steer=0.000000, brake=0.000000, hand_brake=False, reverse=False, manual_gear_shift=False, gear=0)
[2025-06-27 18:33:23,939] [INFO] tick: 37, speed: 4.80789852142334, pos: -15.8214111328125
[2025-06-27 18:33:23,939] [INFO] nominal control cannot reach with 24.990774255482165
[2025-06-27 18:33:23,939] [INFO] acc = 2
[2025-06-27 18:33:23,939] [INFO] VehicleControl(throttle=0.500000, steer=0.000000, brake=0.000000, hand_brake=False, reverse=False, manual_gear_shift=False, gear=0)
[2025-06-27 18:33:24,168] [INFO] tick: 38, speed: 4.922550678253174, pos: -15.090705871582031
[2025-06-27 18:33:24,169] [INFO] nominal control cannot reach with 24.99850040064024
[2025-06-27 18:33:24,169] [INFO] acc = 2
[2025-06-27 18:33:24,169] [INFO] VehicleControl(throttle=0.500000, steer=0.000000, brake=0.000000, hand_brake=False, reverse=False, manual_gear_shift=False, gear=0)
[2025-06-27 18:33:24,396] [INFO] tick: 39, speed: 5.037890434265137, pos: -14.342674255371094
[2025-06-27 18:33:24,396] [INFO] nominal control cannot reach with 25
[2025-06-27 18:33:24,396] [INFO] acc = 0
[2025-06-27 18:33:24,396] [INFO] VehicleControl(throttle=0.000000, steer=0.000000, brake=0.000000, hand_brake=False, reverse=False, manual_gear_shift=False, gear=0)
[2025-06-27 18:33:24,635] [INFO] tick: 40, speed: 5.139739036560059, pos: -13.577789306640625
[2025-06-27 18:33:24,635] [INFO] nominal control cannot reach with 25
[2025-06-27 18:33:24,636] [INFO] acc = 0
[2025-06-27 18:33:24,636] [INFO] VehicleControl(throttle=0.000000, steer=0.000000, brake=0.000000, hand_brake=False, reverse=False, manual_gear_shift=False, gear=0)
[2025-06-27 18:33:24,879] [INFO] tick: 41, speed: 4.955915927886963, pos: -12.81951904296875
[2025-06-27 18:33:24,879] [INFO] nominal control cannot reach with 24.999514148646483
[2025-06-27 18:33:24,880] [INFO] acc = 2
[2025-06-27 18:33:24,880] [INFO] VehicleControl(throttle=0.500000, steer=0.000000, brake=0.000000, hand_brake=False, reverse=False, manual_gear_shift=False, gear=0)
[2025-06-27 18:33:25,104] [INFO] tick: 42, speed: 4.694084644317627, pos: -12.097541809082031
[2025-06-27 18:33:25,105] [INFO] nominal control cannot reach with 24.976603948789432
[2025-06-27 18:33:25,105] [INFO] acc = 2
[2025-06-27 18:33:25,105] [INFO] VehicleControl(throttle=0.500000, steer=0.000000, brake=0.000000, hand_brake=False, reverse=False, manual_gear_shift=False, gear=0)
[2025-06-27 18:33:25,344] [INFO] tick: 43, speed: 4.59767484664917, pos: -11.404670715332031
[2025-06-27 18:33:25,345] [INFO] nominal control cannot reach with 24.959533617745308
[2025-06-27 18:33:25,345] [INFO] acc = 2
[2025-06-27 18:33:25,345] [INFO] VehicleControl(throttle=0.500000, steer=0.000000, brake=0.000000, hand_brake=False, reverse=False, manual_gear_shift=False, gear=0)
[2025-06-27 18:33:25,573] [INFO] tick: 44, speed: 4.658377170562744, pos: -10.710853576660156
[2025-06-27 18:33:25,574] [INFO] nominal control cannot reach with 24.97082346060182
[2025-06-27 18:33:25,574] [INFO] acc = 2
[2025-06-27 18:33:25,574] [INFO] VehicleControl(throttle=0.500000, steer=0.000000, brake=0.000000, hand_brake=False, reverse=False, manual_gear_shift=False, gear=0)
[2025-06-27 18:33:25,802] [INFO] tick: 45, speed: 4.763586521148682, pos: -10.003547668457031
[2025-06-27 18:33:25,802] [INFO] nominal control cannot reach with 24.986027166754354
[2025-06-27 18:33:25,802] [INFO] acc = 2
[2025-06-27 18:33:25,802] [INFO] VehicleControl(throttle=0.500000, steer=0.000000, brake=0.000000, hand_brake=False, reverse=False, manual_gear_shift=False, gear=0)
[2025-06-27 18:33:26,021] [INFO] tick: 46, speed: 4.879622936248779, pos: -9.279365539550781
[2025-06-27 18:33:26,022] [INFO] nominal control cannot reach with 24.99637734063066
[2025-06-27 18:33:26,022] [INFO] acc = 2
[2025-06-27 18:33:26,022] [INFO] VehicleControl(throttle=0.500000, steer=0.000000, brake=0.000000, hand_brake=False, reverse=False, manual_gear_shift=False, gear=0)
[2025-06-27 18:33:26,248] [INFO] tick: 47, speed: 4.996311187744141, pos: -8.537666320800781
[2025-06-27 18:33:26,248] [INFO] nominal control cannot reach with 24.999996598166035
[2025-06-27 18:33:26,248] [INFO] acc = 2
[2025-06-27 18:33:26,248] [INFO] VehicleControl(throttle=0.500000, steer=0.000000, brake=0.000000, hand_brake=False, reverse=False, manual_gear_shift=False, gear=0)
[2025-06-27 18:33:26,525] [INFO] tick: 48, speed: 5.1106462478637695, pos: -7.778648376464844
[2025-06-27 18:33:26,525] [INFO] nominal control cannot reach with 25
[2025-06-27 18:33:26,525] [INFO] acc = 0
[2025-06-27 18:33:26,525] [INFO] VehicleControl(throttle=0.000000, steer=0.000000, brake=0.000000, hand_brake=False, reverse=False, manual_gear_shift=False, gear=0)
[2025-06-27 18:33:26,912] [INFO] tick: 49, speed: 5.18361759185791, pos: -7.003746032714844
[2025-06-27 18:33:26,912] [INFO] nominal control cannot reach with 25
[2025-06-27 18:33:26,912] [INFO] acc = 0
[2025-06-27 18:33:26,912] [INFO] VehicleControl(throttle=0.000000, steer=0.000000, brake=0.000000, hand_brake=False, reverse=False, manual_gear_shift=False, gear=0)
[2025-06-27 18:33:27,292] [INFO] tick: 50, speed: 4.971433162689209, pos: -6.242866516113281
[2025-06-27 18:33:27,292] [INFO] nominal control cannot reach with 24.999795983951515
[2025-06-27 18:33:27,292] [INFO] acc = 2
[2025-06-27 18:33:27,292] [INFO] VehicleControl(throttle=0.500000, steer=0.000000, brake=0.000000, hand_brake=False, reverse=False, manual_gear_shift=False, gear=0)
[2025-06-27 18:33:27,679] [INFO] tick: 51, speed: 4.732211589813232, pos: -5.516258239746094
[2025-06-27 18:33:27,680] [INFO] nominal control cannot reach with 24.98207234184241
[2025-06-27 18:33:27,680] [INFO] acc = 2
[2025-06-27 18:33:27,680] [INFO] VehicleControl(throttle=0.500000, steer=0.000000, brake=0.000000, hand_brake=False, reverse=False, manual_gear_shift=False, gear=0)
[2025-06-27 18:33:27,935] [INFO] tick: 52, speed: 4.640782356262207, pos: -4.817176818847656
[2025-06-27 18:33:27,936] [INFO] nominal control cannot reach with 24.967740671106867
[2025-06-27 18:33:27,936] [INFO] acc = 2
[2025-06-27 18:33:27,936] [INFO] VehicleControl(throttle=0.500000, steer=0.000000, brake=0.000000, hand_brake=False, reverse=False, manual_gear_shift=False, gear=0)
[2025-06-27 18:33:28,298] [INFO] tick: 53, speed: 4.701641082763672, pos: -4.116844177246094
[2025-06-27 18:33:28,298] [INFO] nominal control cannot reach with 24.97774548912639
[2025-06-27 18:33:28,298] [INFO] acc = 2
[2025-06-27 18:33:28,298] [INFO] VehicleControl(throttle=0.500000, steer=0.000000, brake=0.000000, hand_brake=False, reverse=False, manual_gear_shift=False, gear=0)
[2025-06-27 18:33:28,551] [INFO] tick: 54, speed: 4.805808067321777, pos: -3.4031143188476562
[2025-06-27 18:33:28,551] [INFO] nominal control cannot reach with 24.990572373320674
[2025-06-27 18:33:28,551] [INFO] acc = 2
[2025-06-27 18:33:28,551] [INFO] VehicleControl(throttle=0.500000, steer=0.000000, brake=0.000000, hand_brake=False, reverse=False, manual_gear_shift=False, gear=0)
[2025-06-27 18:33:28,897] [INFO] tick: 55, speed: 4.920538902282715, pos: -2.6727066040039062
[2025-06-27 18:33:28,897] [INFO] nominal control cannot reach with 24.99842148348739
[2025-06-27 18:33:28,897] [INFO] acc = 2
[2025-06-27 18:33:28,897] [INFO] VehicleControl(throttle=0.500000, steer=0.000000, brake=0.000000, hand_brake=False, reverse=False, manual_gear_shift=False, gear=0)
[2025-06-27 18:33:29,235] [INFO] tick: 56, speed: 5.0359296798706055, pos: -1.9249649047851562
[2025-06-27 18:33:29,235] [INFO] nominal control cannot reach with 25
[2025-06-27 18:33:29,235] [INFO] acc = 0
[2025-06-27 18:33:29,235] [INFO] VehicleControl(throttle=0.000000, steer=0.000000, brake=0.000000, hand_brake=False, reverse=False, manual_gear_shift=False, gear=0)
[2025-06-27 18:33:29,681] [INFO] tick: 57, speed: 5.1371307373046875, pos: -1.1603927612304688
[2025-06-27 18:33:29,681] [INFO] nominal control cannot reach with 25
[2025-06-27 18:33:29,681] [INFO] acc = 0
[2025-06-27 18:33:29,681] [INFO] VehicleControl(throttle=0.000000, steer=0.000000, brake=0.000000, hand_brake=False, reverse=False, manual_gear_shift=False, gear=0)
[2025-06-27 18:33:30,021] [INFO] tick: 58, speed: 4.951772212982178, pos: -0.40175628662109375
[2025-06-27 18:33:30,022] [INFO] nominal control cannot reach with 24.99941852013984
[2025-06-27 18:33:30,022] [INFO] acc = 2
[2025-06-27 18:33:30,022] [INFO] VehicleControl(throttle=0.500000, steer=0.000000, brake=0.000000, hand_brake=False, reverse=False, manual_gear_shift=False, gear=0)
[2025-06-27 18:33:30,344] [INFO] tick: 59, speed: 4.691976070404053, pos: 0.31981658935546875
[2025-06-27 18:33:30,344] [INFO] nominal control cannot reach with 24.976280314699068
[2025-06-27 18:33:30,345] [INFO] acc = 2
[2025-06-27 18:33:30,345] [INFO] VehicleControl(throttle=0.500000, steer=0.000000, brake=0.000000, hand_brake=False, reverse=False, manual_gear_shift=False, gear=0)
[2025-06-27 18:33:30,653] [INFO] tick: 60, speed: 4.59627628326416, pos: 1.0124130249023438
[2025-06-27 18:33:30,654] [INFO] nominal control cannot reach with 24.95925179013625
[2025-06-27 18:33:30,654] [INFO] acc = 2
[2025-06-27 18:33:30,654] [INFO] VehicleControl(throttle=0.500000, steer=0.000000, brake=0.000000, hand_brake=False, reverse=False, manual_gear_shift=False, gear=0)
[2025-06-27 18:33:31,104] [INFO] tick: 61, speed: 4.657229900360107, pos: 1.7060470581054688
[2025-06-27 18:33:31,104] [INFO] nominal control cannot reach with 24.970627164698215
[2025-06-27 18:33:31,104] [INFO] acc = 2
[2025-06-27 18:33:31,104] [INFO] VehicleControl(throttle=0.500000, steer=0.000000, brake=0.000000, hand_brake=False, reverse=False, manual_gear_shift=False, gear=0)
[2025-06-27 18:33:31,593] [INFO] tick: 62, speed: 4.762541770935059, pos: 2.4132003784179688
[2025-06-27 18:33:31,594] [INFO] nominal control cannot reach with 24.985903397362335
[2025-06-27 18:33:31,594] [INFO] acc = 2
[2025-06-27 18:33:31,594] [INFO] VehicleControl(throttle=0.500000, steer=0.000000, brake=0.000000, hand_brake=False, reverse=False, manual_gear_shift=False, gear=0)
[2025-06-27 18:33:31,872] [INFO] tick: 63, speed: 4.878633499145508, pos: 3.1372146606445312
[2025-06-27 18:33:31,872] [INFO] nominal control cannot reach with 24.996317543117584
[2025-06-27 18:33:31,872] [INFO] acc = 2
[2025-06-27 18:33:31,872] [INFO] VehicleControl(throttle=0.500000, steer=0.000000, brake=0.000000, hand_brake=False, reverse=False, manual_gear_shift=False, gear=0)
[2025-06-27 18:33:32,135] [INFO] tick: 64, speed: 4.995362281799316, pos: 3.8787612915039062
[2025-06-27 18:33:32,136] [INFO] nominal control cannot reach with 24.999994622892473
[2025-06-27 18:33:32,136] [INFO] acc = 2
[2025-06-27 18:33:32,136] [INFO] VehicleControl(throttle=0.500000, steer=0.000000, brake=0.000000, hand_brake=False, reverse=False, manual_gear_shift=False, gear=0)
[2025-06-27 18:33:32,378] [INFO] tick: 65, speed: 5.109731197357178, pos: 4.637641906738281
[2025-06-27 18:33:32,378] [INFO] nominal control cannot reach with 25
[2025-06-27 18:33:32,378] [INFO] acc = 0
[2025-06-27 18:33:32,378] [INFO] VehicleControl(throttle=0.000000, steer=0.000000, brake=0.000000, hand_brake=False, reverse=False, manual_gear_shift=False, gear=0)
[2025-06-27 18:33:32,615] [INFO] tick: 66, speed: 5.182745456695557, pos: 5.412422180175781
[2025-06-27 18:33:32,615] [INFO] nominal control cannot reach with 25
[2025-06-27 18:33:32,615] [INFO] acc = 0
[2025-06-27 18:33:32,616] [INFO] VehicleControl(throttle=0.000000, steer=0.000000, brake=0.000000, hand_brake=False, reverse=False, manual_gear_shift=False, gear=0)
[2025-06-27 18:33:32,881] [INFO] tick: 67, speed: 4.970528602600098, pos: 6.173133850097656
[2025-06-27 18:33:32,881] [INFO] nominal control cannot reach with 24.999782859183824
[2025-06-27 18:33:32,881] [INFO] acc = 2
[2025-06-27 18:33:32,881] [INFO] VehicleControl(throttle=0.500000, steer=0.000000, brake=0.000000, hand_brake=False, reverse=False, manual_gear_shift=False, gear=0)
[2025-06-27 18:33:33,117] [INFO] tick: 68, speed: 4.731381416320801, pos: 6.899620056152344
[2025-06-27 18:33:33,117] [INFO] nominal control cannot reach with 24.981961014125545
[2025-06-27 18:33:33,117] [INFO] acc = 2
[2025-06-27 18:33:33,117] [INFO] VehicleControl(throttle=0.500000, steer=0.000000, brake=0.000000, hand_brake=False, reverse=False, manual_gear_shift=False, gear=0)
[2025-06-27 18:33:33,364] [INFO] tick: 69, speed: 4.640009880065918, pos: 7.598594665527344
[2025-06-27 18:33:33,364] [INFO] nominal control cannot reach with 24.96760177838746
[2025-06-27 18:33:33,364] [INFO] acc = 2
[2025-06-27 18:33:33,364] [INFO] VehicleControl(throttle=0.500000, steer=0.000000, brake=0.000000, hand_brake=False, reverse=False, manual_gear_shift=False, gear=0)
[2025-06-27 18:33:33,603] [INFO] tick: 70, speed: 4.700909614562988, pos: 8.298820495605469
[2025-06-27 18:33:33,603] [INFO] nominal control cannot reach with 24.977636235334785
[2025-06-27 18:33:33,603] [INFO] acc = 2
[2025-06-27 18:33:33,603] [INFO] VehicleControl(throttle=0.500000, steer=0.000000, brake=0.000000, hand_brake=False, reverse=False, manual_gear_shift=False, gear=0)
[2025-06-27 18:33:33,882] [INFO] tick: 71, speed: 4.805108070373535, pos: 9.012458801269531
[2025-06-27 18:33:33,882] [INFO] nominal control cannot reach with 24.99050428394162
[2025-06-27 18:33:33,882] [INFO] acc = 2
[2025-06-27 18:33:33,882] [INFO] VehicleControl(throttle=0.500000, steer=0.000000, brake=0.000000, hand_brake=False, reverse=False, manual_gear_shift=False, gear=0)
[2025-06-27 18:33:34,127] [INFO] tick: 72, speed: 4.919864654541016, pos: 9.742774963378906
[2025-06-27 18:33:34,127] [INFO] nominal control cannot reach with 24.998394581602042
[2025-06-27 18:33:34,127] [INFO] acc = 2
[2025-06-27 18:33:34,127] [INFO] VehicleControl(throttle=0.500000, steer=0.000000, brake=0.000000, hand_brake=False, reverse=False, manual_gear_shift=False, gear=0)
[2025-06-27 18:33:34,354] [INFO] tick: 73, speed: 5.035279273986816, pos: 10.490409851074219
[2025-06-27 18:33:34,354] [INFO] nominal control cannot reach with 25
[2025-06-27 18:33:34,354] [INFO] acc = 0
[2025-06-27 18:33:34,355] [INFO] VehicleControl(throttle=0.000000, steer=0.000000, brake=0.000000, hand_brake=False, reverse=False, manual_gear_shift=False, gear=0)
[2025-06-27 18:33:34,632] [INFO] tick: 74, speed: 5.13649845123291, pos: 11.254905700683594
[2025-06-27 18:33:34,632] [INFO] nominal control cannot reach with 25
[2025-06-27 18:33:34,632] [INFO] acc = 0
[2025-06-27 18:33:34,632] [INFO] VehicleControl(throttle=0.000000, steer=0.000000, brake=0.000000, hand_brake=False, reverse=False, manual_gear_shift=False, gear=0)
[2025-06-27 18:33:34,902] [INFO] tick: 75, speed: 4.951064109802246, pos: 12.013420104980469
[2025-06-27 18:33:34,903] [INFO] nominal control cannot reach with 24.99940131966264
[2025-06-27 18:33:34,903] [INFO] acc = 2
[2025-06-27 18:33:34,903] [INFO] VehicleControl(throttle=0.500000, steer=0.000000, brake=0.000000, hand_brake=False, reverse=False, manual_gear_shift=False, gear=0)
[2025-06-27 18:33:35,172] [INFO] tick: 76, speed: 4.6913533210754395, pos: 12.734886169433594
[2025-06-27 18:33:35,172] [INFO] nominal control cannot reach with 24.97618430689721
[2025-06-27 18:33:35,173] [INFO] acc = 2
[2025-06-27 18:33:35,173] [INFO] VehicleControl(throttle=0.500000, steer=0.000000, brake=0.000000, hand_brake=False, reverse=False, manual_gear_shift=False, gear=0)
[2025-06-27 18:33:35,402] [INFO] tick: 77, speed: 4.595705032348633, pos: 13.427406311035156
[2025-06-27 18:33:35,402] [INFO] nominal control cannot reach with 24.959136394782945
[2025-06-27 18:33:35,402] [INFO] acc = 2
[2025-06-27 18:33:35,403] [INFO] VehicleControl(throttle=0.500000, steer=0.000000, brake=0.000000, hand_brake=False, reverse=False, manual_gear_shift=False, gear=0)
[2025-06-27 18:33:35,632] [INFO] tick: 78, speed: 4.656692028045654, pos: 14.120948791503906
[2025-06-27 18:33:35,632] [INFO] nominal control cannot reach with 24.97053490909815
[2025-06-27 18:33:35,632] [INFO] acc = 2
[2025-06-27 18:33:35,632] [INFO] VehicleControl(throttle=0.500000, steer=0.000000, brake=0.000000, hand_brake=False, reverse=False, manual_gear_shift=False, gear=0)
[2025-06-27 18:33:35,858] [INFO] tick: 79, speed: 4.762028217315674, pos: 14.828025817871094
[2025-06-27 18:33:35,858] [INFO] nominal control cannot reach with 24.98584235766151
[2025-06-27 18:33:35,858] [INFO] acc = 2
[2025-06-27 18:33:35,858] [INFO] VehicleControl(throttle=0.500000, steer=0.000000, brake=0.000000, hand_brake=False, reverse=False, manual_gear_shift=False, gear=0)
[2025-06-27 18:33:36,091] [INFO] tick: 80, speed: 4.878139972686768, pos: 15.551979064941406
[2025-06-27 18:33:36,092] [INFO] nominal control cannot reach with 24.996287533435805
[2025-06-27 18:33:36,092] [INFO] acc = 2
[2025-06-27 18:33:36,092] [INFO] VehicleControl(throttle=0.500000, steer=0.000000, brake=0.000000, hand_brake=False, reverse=False, manual_gear_shift=False, gear=0)
[2025-06-27 18:33:36,335] [INFO] tick: 81, speed: 4.994884490966797, pos: 16.293479919433594
[2025-06-27 18:33:36,335] [INFO] nominal control cannot reach with 24.999993457891833
[2025-06-27 18:33:36,335] [INFO] acc = 2
[2025-06-27 18:33:36,335] [INFO] VehicleControl(throttle=0.500000, steer=0.000000, brake=0.000000, hand_brake=False, reverse=False, manual_gear_shift=False, gear=0)
[2025-06-27 18:33:36,602] [INFO] tick: 82, speed: 5.109269618988037, pos: 17.052284240722656
[2025-06-27 18:33:36,602] [INFO] nominal control cannot reach with 25
[2025-06-27 18:33:36,602] [INFO] acc = 0
[2025-06-27 18:33:36,602] [INFO] VehicleControl(throttle=0.000000, steer=0.000000, brake=0.000000, hand_brake=False, reverse=False, manual_gear_shift=False, gear=0)
[2025-06-27 18:33:36,854] [INFO] tick: 83, speed: 5.182154655456543, pos: 17.827003479003906
[2025-06-27 18:33:36,855] [INFO] nominal control cannot reach with 25
[2025-06-27 18:33:36,855] [INFO] acc = 0
[2025-06-27 18:33:36,855] [INFO] VehicleControl(throttle=0.000000, steer=0.000000, brake=0.000000, hand_brake=False, reverse=False, manual_gear_shift=False, gear=0)
[2025-06-27 18:33:37,090] [INFO] tick: 84, speed: 4.969963073730469, pos: 18.587623596191406
[2025-06-27 18:33:37,090] [INFO] nominal control cannot reach with 24.99977444576507
[2025-06-27 18:33:37,091] [INFO] acc = 2
[2025-06-27 18:33:37,091] [INFO] VehicleControl(throttle=0.500000, steer=0.000000, brake=0.000000, hand_brake=False, reverse=False, manual_gear_shift=False, gear=0)
[2025-06-27 18:33:37,364] [INFO] tick: 85, speed: 4.73090124130249, pos: 19.31403350830078
[2025-06-27 18:33:37,364] [INFO] nominal control cannot reach with 24.981896464516865
[2025-06-27 18:33:37,364] [INFO] acc = 2
[2025-06-27 18:33:37,364] [INFO] VehicleControl(throttle=0.500000, steer=0.000000, brake=0.000000, hand_brake=False, reverse=False, manual_gear_shift=False, gear=0)
[2025-06-27 18:33:37,630] [INFO] tick: 86, speed: 4.6395745277404785, pos: 20.012916564941406
[2025-06-27 18:33:37,631] [INFO] nominal control cannot reach with 24.967523369736625
[2025-06-27 18:33:37,631] [INFO] acc = 2
[2025-06-27 18:33:37,631] [INFO] VehicleControl(throttle=0.500000, steer=0.000000, brake=0.000000, hand_brake=False, reverse=False, manual_gear_shift=False, gear=0)
[2025-06-27 18:33:37,901] [INFO] tick: 87, speed: 4.700500965118408, pos: 20.71306610107422
[2025-06-27 18:33:37,901] [INFO] nominal control cannot reach with 24.97757508202625
[2025-06-27 18:33:37,901] [INFO] acc = 2
[2025-06-27 18:33:37,901] [INFO] VehicleControl(throttle=0.500000, steer=0.000000, brake=0.000000, hand_brake=False, reverse=False, manual_gear_shift=False, gear=0)
[2025-06-27 18:33:38,166] [INFO] tick: 88, speed: 4.804717540740967, pos: 21.42662811279297
[2025-06-27 18:33:38,166] [INFO] nominal control cannot reach with 24.990466190276436
[2025-06-27 18:33:38,166] [INFO] acc = 2
[2025-06-27 18:33:38,167] [INFO] VehicleControl(throttle=0.500000, steer=0.000000, brake=0.000000, hand_brake=False, reverse=False, manual_gear_shift=False, gear=0)
[2025-06-27 18:33:38,437] [INFO] tick: 89, speed: 4.919487953186035, pos: 22.15686798095703
[2025-06-27 18:33:38,437] [INFO] nominal control cannot reach with 24.998379452579456
[2025-06-27 18:33:38,437] [INFO] acc = 2
[2025-06-27 18:33:38,437] [INFO] VehicleControl(throttle=0.500000, steer=0.000000, brake=0.000000, hand_brake=False, reverse=False, manual_gear_shift=False, gear=0)
[2025-06-27 18:33:38,720] [INFO] tick: 90, speed: 5.034915447235107, pos: 22.904457092285156
[2025-06-27 18:33:38,720] [INFO] nominal control cannot reach with 25
[2025-06-27 18:33:38,720] [INFO] acc = 0
[2025-06-27 18:33:38,720] [INFO] VehicleControl(throttle=0.000000, steer=0.000000, brake=0.000000, hand_brake=False, reverse=False, manual_gear_shift=False, gear=0)
[2025-06-27 18:33:38,993] [INFO] tick: 91, speed: 5.1361494064331055, pos: 23.668907165527344
[2025-06-27 18:33:38,993] [INFO] nominal control cannot reach with 25
[2025-06-27 18:33:38,993] [INFO] acc = 0
[2025-06-27 18:33:38,993] [INFO] VehicleControl(throttle=0.000000, steer=0.000000, brake=0.000000, hand_brake=False, reverse=False, manual_gear_shift=False, gear=0)
[2025-06-27 18:33:39,266] [INFO] tick: 92, speed: 4.9507880210876465, pos: 24.427345275878906
[2025-06-27 18:33:39,266] [INFO] nominal control cannot reach with 24.999394545282883
[2025-06-27 18:33:39,266] [INFO] acc = 2
[2025-06-27 18:33:39,266] [INFO] VehicleControl(throttle=0.500000, steer=0.000000, brake=0.000000, hand_brake=False, reverse=False, manual_gear_shift=False, gear=0)
[2025-06-27 18:33:39,541] [INFO] tick: 93, speed: 4.691061496734619, pos: 25.14879608154297
[2025-06-27 18:33:39,541] [INFO] nominal control cannot reach with 24.976139250300037
[2025-06-27 18:33:39,541] [INFO] acc = 2
[2025-06-27 18:33:39,541] [INFO] VehicleControl(throttle=0.500000, steer=0.000000, brake=0.000000, hand_brake=False, reverse=False, manual_gear_shift=False, gear=0)
[2025-06-27 18:33:39,826] [INFO] tick: 94, speed: 4.595420837402344, pos: 25.841270446777344
[2025-06-27 18:33:39,826] [INFO] nominal control cannot reach with 24.959078925297945
[2025-06-27 18:33:39,826] [INFO] acc = 2
[2025-06-27 18:33:39,826] [INFO] VehicleControl(throttle=0.500000, steer=0.000000, brake=0.000000, hand_brake=False, reverse=False, manual_gear_shift=False, gear=0)
[2025-06-27 18:33:40,098] [INFO] tick: 95, speed: 4.656418323516846, pos: 26.534751892089844
[2025-06-27 18:33:40,098] [INFO] nominal control cannot reach with 24.970487907896256
[2025-06-27 18:33:40,098] [INFO] acc = 2
[2025-06-27 18:33:40,098] [INFO] VehicleControl(throttle=0.500000, steer=0.000000, brake=0.000000, hand_brake=False, reverse=False, manual_gear_shift=False, gear=0)
[2025-06-27 18:33:40,371] [INFO] tick: 96, speed: 4.761765003204346, pos: 27.241783142089844
[2025-06-27 18:33:40,371] [INFO] nominal control cannot reach with 24.985811021575444
[2025-06-27 18:33:40,371] [INFO] acc = 2
[2025-06-27 18:33:40,371] [INFO] VehicleControl(throttle=0.500000, steer=0.000000, brake=0.000000, hand_brake=False, reverse=False, manual_gear_shift=False, gear=0)
[2025-06-27 18:33:40,644] [INFO] tick: 97, speed: 4.877884387969971, pos: 27.965675354003906
[2025-06-27 18:33:40,644] [INFO] nominal control cannot reach with 24.996271944324633
[2025-06-27 18:33:40,644] [INFO] acc = 2
[2025-06-27 18:33:40,644] [INFO] VehicleControl(throttle=0.500000, steer=0.000000, brake=0.000000, hand_brake=False, reverse=False, manual_gear_shift=False, gear=0)
[2025-06-27 18:33:40,922] [INFO] tick: 98, speed: 4.994637489318848, pos: 28.707130432128906
[2025-06-27 18:33:40,922] [INFO] nominal control cannot reach with 24.9999928108698
[2025-06-27 18:33:40,922] [INFO] acc = 2
[2025-06-27 18:33:40,923] [INFO] VehicleControl(throttle=0.500000, steer=0.000000, brake=0.000000, hand_brake=False, reverse=False, manual_gear_shift=False, gear=0)
[2025-06-27 18:33:41,199] [INFO] tick: 99, speed: 5.109030723571777, pos: 29.465904235839844
[2025-06-27 18:33:41,199] [INFO] nominal control cannot reach with 25
[2025-06-27 18:33:41,199] [INFO] acc = 0
[2025-06-27 18:33:41,199] [INFO] VehicleControl(throttle=0.000000, steer=0.000000, brake=0.000000, hand_brake=False, reverse=False, manual_gear_shift=False, gear=0)
[2025-06-27 18:33:41,473] [INFO] tick: 100, speed: 5.18174409866333, pos: 30.24054718017578
[2025-06-27 18:33:41,473] [INFO] nominal control cannot reach with 25
[2025-06-27 18:33:41,473] [INFO] acc = 0
[2025-06-27 18:33:41,473] [INFO] VehicleControl(throttle=0.000000, steer=0.000000, brake=0.000000, hand_brake=False, reverse=False, manual_gear_shift=False, gear=0)
[2025-06-27 18:33:41,747] [INFO] tick: 101, speed: 4.969597816467285, pos: 31.00115203857422
[2025-06-27 18:33:41,748] [INFO] nominal control cannot reach with 24.99976892680911
[2025-06-27 18:33:41,748] [INFO] acc = 2
[2025-06-27 18:33:41,748] [INFO] VehicleControl(throttle=0.500000, steer=0.000000, brake=0.000000, hand_brake=False, reverse=False, manual_gear_shift=False, gear=0)
[2025-06-27 18:33:41,994] [INFO] tick: 102, speed: 4.730613708496094, pos: 31.72754669189453
[2025-06-27 18:33:41,995] [INFO] nominal control cannot reach with 24.981857756487443
[2025-06-27 18:33:41,995] [INFO] acc = 2
[2025-06-27 18:33:41,995] [INFO] VehicleControl(throttle=0.500000, steer=0.000000, brake=0.000000, hand_brake=False, reverse=False, manual_gear_shift=False, gear=0)
[2025-06-27 18:33:42,241] [INFO] tick: 103, speed: 4.639321327209473, pos: 32.426368713378906
[2025-06-27 18:33:42,241] [INFO] nominal control cannot reach with 24.967477723748516
[2025-06-27 18:33:42,241] [INFO] acc = 2
[2025-06-27 18:33:42,241] [INFO] VehicleControl(throttle=0.500000, steer=0.000000, brake=0.000000, hand_brake=False, reverse=False, manual_gear_shift=False, gear=0)
[2025-06-27 18:33:42,516] [INFO] tick: 104, speed: 4.700265884399414, pos: 33.12647247314453
[2025-06-27 18:33:42,516] [INFO] nominal control cannot reach with 24.977539864986284
[2025-06-27 18:33:42,516] [INFO] acc = 2
[2025-06-27 18:33:42,516] [INFO] VehicleControl(throttle=0.500000, steer=0.000000, brake=0.000000, hand_brake=False, reverse=False, manual_gear_shift=False, gear=0)
[2025-06-27 18:33:42,755] [INFO] tick: 105, speed: 4.804491996765137, pos: 33.839988708496094
[2025-06-27 18:33:42,755] [INFO] nominal control cannot reach with 24.99044415516778
[2025-06-27 18:33:42,755] [INFO] acc = 2
[2025-06-27 18:33:42,755] [INFO] VehicleControl(throttle=0.500000, steer=0.000000, brake=0.000000, hand_brake=False, reverse=False, manual_gear_shift=False, gear=0)
[2025-06-27 18:33:43,040] [INFO] tick: 106, speed: 4.919270992279053, pos: 34.570213317871094
[2025-06-27 18:33:43,040] [INFO] nominal control cannot reach with 24.998370706828098
[2025-06-27 18:33:43,041] [INFO] acc = 2
[2025-06-27 18:33:43,041] [INFO] VehicleControl(throttle=0.500000, steer=0.000000, brake=0.000000, hand_brake=False, reverse=False, manual_gear_shift=False, gear=0)
[2025-06-27 18:33:43,278] [INFO] tick: 107, speed: 5.0347065925598145, pos: 35.317771911621094
[2025-06-27 18:33:43,278] [INFO] nominal control cannot reach with 25
[2025-06-27 18:33:43,278] [INFO] acc = 0
[2025-06-27 18:33:43,278] [INFO] VehicleControl(throttle=0.000000, steer=0.000000, brake=0.000000, hand_brake=False, reverse=False, manual_gear_shift=False, gear=0)
[2025-06-27 18:33:43,522] [INFO] tick: 108, speed: 5.1359477043151855, pos: 36.082176208496094
[2025-06-27 18:33:43,522] [INFO] nominal control cannot reach with 25
[2025-06-27 18:33:43,522] [INFO] acc = 0
[2025-06-27 18:33:43,522] [INFO] VehicleControl(throttle=0.000000, steer=0.000000, brake=0.000000, hand_brake=False, reverse=False, manual_gear_shift=False, gear=0)
[2025-06-27 18:33:43,753] [INFO] tick: 109, speed: 4.950560569763184, pos: 36.84058380126953
[2025-06-27 18:33:43,753] [INFO] nominal control cannot reach with 24.999388935684465
[2025-06-27 18:33:43,753] [INFO] acc = 2
[2025-06-27 18:33:43,753] [INFO] VehicleControl(throttle=0.500000, steer=0.000000, brake=0.000000, hand_brake=False, reverse=False, manual_gear_shift=False, gear=0)
[2025-06-27 18:33:43,986] [INFO] tick: 110, speed: 4.690863132476807, pos: 37.562034606933594
[2025-06-27 18:33:43,986] [INFO] nominal control cannot reach with 24.976108599284487
[2025-06-27 18:33:43,986] [INFO] acc = 2
[2025-06-27 18:33:43,986] [INFO] VehicleControl(throttle=0.500000, steer=0.000000, brake=0.000000, hand_brake=False, reverse=False, manual_gear_shift=False, gear=0)
[2025-06-27 18:33:44,218] [INFO] tick: 111, speed: 4.595239639282227, pos: 38.254493713378906
[2025-06-27 18:33:44,218] [INFO] nominal control cannot reach with 24.959042262597904
[2025-06-27 18:33:44,218] [INFO] acc = 2
[2025-06-27 18:33:44,218] [INFO] VehicleControl(throttle=0.500000, steer=0.000000, brake=0.000000, hand_brake=False, reverse=False, manual_gear_shift=False, gear=0)
[2025-06-27 18:33:44,479] [INFO] tick: 112, speed: 4.656247138977051, pos: 38.947959899902344
[2025-06-27 18:33:44,479] [INFO] nominal control cannot reach with 24.970458492634634
[2025-06-27 18:33:44,479] [INFO] acc = 2
[2025-06-27 18:33:44,480] [INFO] VehicleControl(throttle=0.500000, steer=0.000000, brake=0.000000, hand_brake=False, reverse=False, manual_gear_shift=False, gear=0)
[2025-06-27 18:33:44,729] [INFO] tick: 113, speed: 4.76160192489624, pos: 39.65496063232422
[2025-06-27 18:33:44,729] [INFO] nominal control cannot reach with 24.985791589446706
[2025-06-27 18:33:44,729] [INFO] acc = 2
[2025-06-27 18:33:44,729] [INFO] VehicleControl(throttle=0.500000, steer=0.000000, brake=0.000000, hand_brake=False, reverse=False, manual_gear_shift=False, gear=0)
[2025-06-27 18:33:44,991] [INFO] tick: 114, speed: 4.8777289390563965, pos: 40.37885284423828
[2025-06-27 18:33:44,992] [INFO] nominal control cannot reach with 24.99626244691393
[2025-06-27 18:33:44,992] [INFO] acc = 2
[2025-06-27 18:33:44,992] [INFO] VehicleControl(throttle=0.500000, steer=0.000000, brake=0.000000, hand_brake=False, reverse=False, manual_gear_shift=False, gear=0)
[2025-06-27 18:33:45,226] [INFO] tick: 115, speed: 4.994487285614014, pos: 41.12029266357422
[2025-06-27 18:33:45,226] [INFO] nominal control cannot reach with 24.999992402495025
[2025-06-27 18:33:45,226] [INFO] acc = 2
[2025-06-27 18:33:45,226] [INFO] VehicleControl(throttle=0.500000, steer=0.000000, brake=0.000000, hand_brake=False, reverse=False, manual_gear_shift=False, gear=0)
[2025-06-27 18:33:45,487] [INFO] tick: 116, speed: 5.108885288238525, pos: 41.879066467285156
[2025-06-27 18:33:45,487] [INFO] nominal control cannot reach with 25
[2025-06-27 18:33:45,487] [INFO] acc = 0
[2025-06-27 18:33:45,487] [INFO] VehicleControl(throttle=0.000000, steer=0.000000, brake=0.000000, hand_brake=False, reverse=False, manual_gear_shift=False, gear=0)
[2025-06-27 18:33:45,752] [INFO] tick: 117, speed: 5.1817851066589355, pos: 42.653709411621094
[2025-06-27 18:33:45,752] [INFO] nominal control cannot reach with 25
[2025-06-27 18:33:45,753] [INFO] acc = 0
[2025-06-27 18:33:45,753] [INFO] VehicleControl(throttle=0.000000, steer=0.000000, brake=0.000000, hand_brake=False, reverse=False, manual_gear_shift=False, gear=0)
[2025-06-27 18:33:45,992] [INFO] tick: 118, speed: 4.969582557678223, pos: 43.414344787597656
[2025-06-27 18:33:45,993] [INFO] nominal control cannot reach with 24.99976869480065
[2025-06-27 18:33:45,993] [INFO] acc = 2
[2025-06-27 18:33:45,993] [INFO] VehicleControl(throttle=0.500000, steer=0.000000, brake=0.000000, hand_brake=False, reverse=False, manual_gear_shift=False, gear=0)
[2025-06-27 18:33:46,231] [INFO] tick: 119, speed: 4.730553150177002, pos: 44.140708923339844
[2025-06-27 18:33:46,231] [INFO] nominal control cannot reach with 24.981849598780116
[2025-06-27 18:33:46,231] [INFO] acc = 2
[2025-06-27 18:33:46,232] [INFO] VehicleControl(throttle=0.500000, steer=0.000000, brake=0.000000, hand_brake=False, reverse=False, manual_gear_shift=False, gear=0)
[2025-06-27 18:33:46,464] [INFO] tick: 120, speed: 4.6392502784729, pos: 44.83953094482422
[2025-06-27 18:33:46,464] [INFO] nominal control cannot reach with 24.96746490960453
[2025-06-27 18:33:46,464] [INFO] acc = 2
[2025-06-27 18:33:46,464] [INFO] VehicleControl(throttle=0.500000, steer=0.000000, brake=0.000000, hand_brake=False, reverse=False, manual_gear_shift=False, gear=0)
[2025-06-27 18:33:46,715] [INFO] tick: 121, speed: 4.700193881988525, pos: 45.539634704589844
[2025-06-27 18:33:46,716] [INFO] nominal control cannot reach with 24.977529072900722
[2025-06-27 18:33:46,716] [INFO] acc = 2
[2025-06-27 18:33:46,716] [INFO] VehicleControl(throttle=0.500000, steer=0.000000, brake=0.000000, hand_brake=False, reverse=False, manual_gear_shift=False, gear=0)
[2025-06-27 18:33:46,957] [INFO] tick: 122, speed: 4.804422378540039, pos: 46.253150939941406
[2025-06-27 18:33:46,958] [INFO] nominal control cannot reach with 24.990437348496016
[2025-06-27 18:33:46,958] [INFO] acc = 2
[2025-06-27 18:33:46,958] [INFO] VehicleControl(throttle=0.500000, steer=0.000000, brake=0.000000, hand_brake=False, reverse=False, manual_gear_shift=False, gear=0)
[2025-06-27 18:33:47,190] [INFO] tick: 123, speed: 4.919203281402588, pos: 46.983360290527344
[2025-06-27 18:33:47,191] [INFO] nominal control cannot reach with 24.998367972565973
[2025-06-27 18:33:47,191] [INFO] acc = 2
[2025-06-27 18:33:47,191] [INFO] VehicleControl(throttle=0.500000, steer=0.000000, brake=0.000000, hand_brake=False, reverse=False, manual_gear_shift=False, gear=0)
[2025-06-27 18:33:47,440] [INFO] tick: 124, speed: 5.034640312194824, pos: 47.730918884277344
[2025-06-27 18:33:47,440] [INFO] nominal control cannot reach with 25
[2025-06-27 18:33:47,441] [INFO] acc = 0
[2025-06-27 18:33:47,441] [INFO] VehicleControl(throttle=0.000000, steer=0.000000, brake=0.000000, hand_brake=False, reverse=False, manual_gear_shift=False, gear=0)
[2025-06-27 18:33:47,687] [INFO] tick: 125, speed: 5.135881423950195, pos: 48.495323181152344
[2025-06-27 18:33:47,687] [INFO] nominal control cannot reach with 25
[2025-06-27 18:33:47,687] [INFO] acc = 0
[2025-06-27 18:33:47,688] [INFO] VehicleControl(throttle=0.000000, steer=0.000000, brake=0.000000, hand_brake=False, reverse=False, manual_gear_shift=False, gear=0)
[2025-06-27 18:33:47,921] [INFO] tick: 126, speed: 4.950462341308594, pos: 49.25373077392578
[2025-06-27 18:33:47,921] [INFO] nominal control cannot reach with 24.999386505092843
[2025-06-27 18:33:47,921] [INFO] acc = 2
[2025-06-27 18:33:47,921] [INFO] VehicleControl(throttle=0.500000, steer=0.000000, brake=0.000000, hand_brake=False, reverse=False, manual_gear_shift=False, gear=0)
[2025-06-27 18:33:48,209] [INFO] tick: 127, speed: 4.6907877922058105, pos: 49.97516632080078
[2025-06-27 18:33:48,209] [INFO] nominal control cannot reach with 24.97609695263776
[2025-06-27 18:33:48,209] [INFO] acc = 2
[2025-06-27 18:33:48,209] [INFO] VehicleControl(throttle=0.500000, steer=0.000000, brake=0.000000, hand_brake=False, reverse=False, manual_gear_shift=False, gear=0)
[2025-06-27 18:33:48,473] [INFO] tick: 128, speed: 4.5951738357543945, pos: 50.66759490966797
[2025-06-27 18:33:48,474] [INFO] nominal control cannot reach with 24.959028944185548
[2025-06-27 18:33:48,474] [INFO] acc = 2
[2025-06-27 18:33:48,474] [INFO] VehicleControl(throttle=0.500000, steer=0.000000, brake=0.000000, hand_brake=False, reverse=False, manual_gear_shift=False, gear=0)
[2025-06-27 18:33:48,703] [INFO] tick: 129, speed: 4.656186103820801, pos: 51.361061096191406
[2025-06-27 18:33:48,703] [INFO] nominal control cannot reach with 24.97044800119852
[2025-06-27 18:33:48,703] [INFO] acc = 2
[2025-06-27 18:33:48,703] [INFO] VehicleControl(throttle=0.500000, steer=0.000000, brake=0.000000, hand_brake=False, reverse=False, manual_gear_shift=False, gear=0)
[2025-06-27 18:33:48,934] [INFO] tick: 130, speed: 4.761541843414307, pos: 52.06804656982422
[2025-06-27 18:33:48,934] [INFO] nominal control cannot reach with 24.98578442688944
[2025-06-27 18:33:48,934] [INFO] acc = 2
[2025-06-27 18:33:48,934] [INFO] VehicleControl(throttle=0.500000, steer=0.000000, brake=0.000000, hand_brake=False, reverse=False, manual_gear_shift=False, gear=0)
[2025-06-27 18:33:49,176] [INFO] tick: 131, speed: 4.877669334411621, pos: 52.79193878173828
[2025-06-27 18:33:49,177] [INFO] nominal control cannot reach with 24.996258802064176
[2025-06-27 18:33:49,177] [INFO] acc = 2
[2025-06-27 18:33:49,177] [INFO] VehicleControl(throttle=0.500000, steer=0.000000, brake=0.000000, hand_brake=False, reverse=False, manual_gear_shift=False, gear=0)
[2025-06-27 18:33:49,449] [INFO] tick: 132, speed: 4.9944305419921875, pos: 53.53337860107422
[2025-06-27 18:33:49,450] [INFO] nominal control cannot reach with 24.999992245284375
[2025-06-27 18:33:49,450] [INFO] acc = 2
[2025-06-27 18:33:49,450] [INFO] VehicleControl(throttle=0.500000, steer=0.000000, brake=0.000000, hand_brake=False, reverse=False, manual_gear_shift=False, gear=0)
[2025-06-27 18:33:49,684] [INFO] tick: 133, speed: 5.10883092880249, pos: 54.292137145996094
[2025-06-27 18:33:49,684] [INFO] mpc control with min decceleration -0.5281750512642859
[2025-06-27 18:33:49,684] [INFO] acc = -0.5281750512642859
[2025-06-27 18:33:49,684] [INFO] VehicleControl(throttle=0.000000, steer=0.000000, brake=0.105635, hand_brake=False, reverse=False, manual_gear_shift=False, gear=0)
[2025-06-27 18:33:49,931] [INFO] tick: 134, speed: 5.164974212646484, pos: 55.066307067871094
[2025-06-27 18:33:49,932] [INFO] mpc control with min decceleration -0.5573097033741014
[2025-06-27 18:33:49,932] [INFO] acc = -0.5573097033741014
[2025-06-27 18:33:49,932] [INFO] VehicleControl(throttle=0.000000, steer=0.000000, brake=0.111462, hand_brake=False, reverse=False, manual_gear_shift=False, gear=0)
[2025-06-27 18:33:50,177] [INFO] tick: 135, speed: 4.890150547027588, pos: 55.81842803955078
[2025-06-27 18:33:50,177] [INFO] mpc control with min decceleration -0.5157884118771989
[2025-06-27 18:33:50,177] [INFO] acc = -0.5157884118771989
[2025-06-27 18:33:50,177] [INFO] VehicleControl(throttle=0.000000, steer=0.000000, brake=0.103158, hand_brake=False, reverse=False, manual_gear_shift=False, gear=0)
[2025-06-27 18:33:50,419] [INFO] tick: 136, speed: 4.540088176727295, pos: 56.52373504638672
[2025-06-27 18:33:50,419] [INFO] mpc control with min decceleration -0.45853705442160947
[2025-06-27 18:33:50,419] [INFO] acc = -0.45853705442160947
[2025-06-27 18:33:50,420] [INFO] VehicleControl(throttle=0.000000, steer=0.000000, brake=0.091707, hand_brake=False, reverse=False, manual_gear_shift=False, gear=0)
[2025-06-27 18:33:50,669] [INFO] tick: 137, speed: 4.15283203125, pos: 57.172386169433594
[2025-06-27 18:33:50,669] [INFO] mpc control with min decceleration -0.3950503709119469
[2025-06-27 18:33:50,669] [INFO] acc = -0.3950503709119469
[2025-06-27 18:33:50,669] [INFO] VehicleControl(throttle=0.000000, steer=0.000000, brake=0.079010, hand_brake=False, reverse=False, manual_gear_shift=False, gear=0)
[2025-06-27 18:33:50,898] [INFO] tick: 138, speed: 3.781581401824951, pos: 57.76403045654297
[2025-06-27 18:33:50,899] [INFO] mpc control with min decceleration -0.3367013187074949
[2025-06-27 18:33:50,899] [INFO] acc = -0.3367013187074949
[2025-06-27 18:33:50,899] [INFO] VehicleControl(throttle=0.000000, steer=0.000000, brake=0.067340, hand_brake=False, reverse=False, manual_gear_shift=False, gear=0)
[2025-06-27 18:33:51,134] [INFO] tick: 139, speed: 3.4412128925323486, pos: 58.302467346191406
[2025-06-27 18:33:51,135] [INFO] mpc control with min decceleration -0.2860714455631453
[2025-06-27 18:33:51,135] [INFO] acc = -0.2860714455631453
[2025-06-27 18:33:51,135] [INFO] VehicleControl(throttle=0.000000, steer=0.000000, brake=0.057214, hand_brake=False, reverse=False, manual_gear_shift=False, gear=0)
[2025-06-27 18:33:51,362] [INFO] tick: 140, speed: 3.1334068775177, pos: 58.792579650878906
[2025-06-27 18:33:51,363] [INFO] mpc control with min decceleration -0.24293646814998482
[2025-06-27 18:33:51,363] [INFO] acc = -0.24293646814998482
[2025-06-27 18:33:51,363] [INFO] VehicleControl(throttle=0.000000, steer=0.000000, brake=0.048587, hand_brake=False, reverse=False, manual_gear_shift=False, gear=0)
[2025-06-27 18:33:51,594] [INFO] tick: 141, speed: 2.8559391498565674, pos: 59.239097595214844
[2025-06-27 18:33:51,594] [INFO] mpc control with min decceleration -0.20637692197974625
[2025-06-27 18:33:51,594] [INFO] acc = -0.20637692197974625
[2025-06-27 18:33:51,594] [INFO] VehicleControl(throttle=0.000000, steer=0.000000, brake=0.041275, hand_brake=False, reverse=False, manual_gear_shift=False, gear=0)
[2025-06-27 18:33:51,854] [INFO] tick: 142, speed: 2.6057567596435547, pos: 59.64635467529297
[2025-06-27 18:33:51,854] [INFO] mpc control with min decceleration -0.17541833015199326
[2025-06-27 18:33:51,854] [INFO] acc = -0.17541833015199326
[2025-06-27 18:33:51,854] [INFO] VehicleControl(throttle=0.000000, steer=0.000000, brake=0.035084, hand_brake=False, reverse=False, manual_gear_shift=False, gear=0)
[2025-06-27 18:33:52,131] [INFO] tick: 143, speed: 2.3798892498016357, pos: 60.018089294433594
[2025-06-27 18:33:52,131] [INFO] mpc control with min decceleration -0.14919132560402557
[2025-06-27 18:33:52,131] [INFO] acc = -0.14919132560402557
[2025-06-27 18:33:52,131] [INFO] VehicleControl(throttle=0.000000, steer=0.000000, brake=0.029838, hand_brake=False, reverse=False, manual_gear_shift=False, gear=0)
[2025-06-27 18:33:52,376] [INFO] tick: 144, speed: 2.17622971534729, pos: 60.35784149169922
[2025-06-27 18:33:52,376] [INFO] mpc control with min decceleration -0.12702326750016
[2025-06-27 18:33:52,376] [INFO] acc = -0.12702326750016
[2025-06-27 18:33:52,376] [INFO] VehicleControl(throttle=0.000000, steer=0.000000, brake=0.025405, hand_brake=False, reverse=False, manual_gear_shift=False, gear=0)
[2025-06-27 18:33:52,654] [INFO] tick: 145, speed: 1.9822912216186523, pos: 60.66808319091797
[2025-06-27 18:33:52,654] [INFO] mpc control with min decceleration -0.10717587604804152
[2025-06-27 18:33:52,654] [INFO] acc = -0.10717587604804152
[2025-06-27 18:33:52,654] [INFO] VehicleControl(throttle=0.000000, steer=0.000000, brake=0.021435, hand_brake=False, reverse=False, manual_gear_shift=False, gear=0)
[2025-06-27 18:33:52,933] [INFO] tick: 146, speed: 1.8017849922180176, pos: 60.95026397705078
[2025-06-27 18:33:52,933] [INFO] mpc control with min decceleration -0.08993010075201184
[2025-06-27 18:33:52,933] [INFO] acc = -0.08993010075201184
[2025-06-27 18:33:52,933] [INFO] VehicleControl(throttle=0.000000, steer=0.000000, brake=0.017986, hand_brake=False, reverse=False, manual_gear_shift=False, gear=0)
[2025-06-27 18:33:53,206] [INFO] tick: 147, speed: 1.6234008073806763, pos: 61.205589294433594
[2025-06-27 18:33:53,206] [INFO] mpc control with min decceleration -0.07405219046056474
[2025-06-27 18:33:53,207] [INFO] acc = -0.07405219046056474
[2025-06-27 18:33:53,207] [INFO] VehicleControl(throttle=0.000000, steer=0.000000, brake=0.014810, hand_brake=False, reverse=False, manual_gear_shift=False, gear=0)
[2025-06-27 18:33:53,490] [INFO] tick: 148, speed: 1.4550597667694092, pos: 61.435035705566406
[2025-06-27 18:33:53,490] [INFO] mpc control with min decceleration -0.06026766947491024
[2025-06-27 18:33:53,490] [INFO] acc = -0.06026766947491024
[2025-06-27 18:33:53,490] [INFO] VehicleControl(throttle=0.000000, steer=0.000000, brake=0.012054, hand_brake=False, reverse=False, manual_gear_shift=False, gear=0)
[2025-06-27 18:33:53,759] [INFO] tick: 149, speed: 1.286202311515808, pos: 61.639183044433594
[2025-06-27 18:33:53,760] [INFO] mpc control with min decceleration -0.0476451191894568
[2025-06-27 18:33:53,760] [INFO] acc = -0.0476451191894568
[2025-06-27 18:33:53,760] [INFO] VehicleControl(throttle=0.000000, steer=0.000000, brake=0.009529, hand_brake=False, reverse=False, manual_gear_shift=False, gear=0)
[2025-06-27 18:33:54,056] [INFO] tick: 150, speed: 0.81672203540802, pos: 61.812110900878906
[2025-06-27 18:33:54,057] [INFO] mpc control with min decceleration -0.019404211863198725
[2025-06-27 18:33:54,057] [INFO] acc = -0.019404211863198725
[2025-06-27 18:33:54,057] [INFO] VehicleControl(throttle=0.000000, steer=0.000000, brake=0.003881, hand_brake=False, reverse=False, manual_gear_shift=False, gear=0)
[2025-06-27 18:33:54,336] [INFO] tick: 151, speed: -0.00012219380005262792, pos: 61.83043670654297
[2025-06-27 18:33:54,337] [INFO] Safe to accelerate: v_ego = -0.00 < min(v_target, v_safe) = 5.00
[2025-06-27 18:33:54,337] [INFO] acc = 2
[2025-06-27 18:33:54,337] [INFO] VehicleControl(throttle=0.500000, steer=0.000000, brake=0.000000, hand_brake=False, reverse=False, manual_gear_shift=False, gear=0)
[2025-06-27 18:33:54,613] [INFO] tick: 152, speed: -0.020734935998916626, pos: 61.83116912841797
[2025-06-27 18:33:54,613] [INFO] Safe to accelerate: v_ego = -0.02 < min(v_target, v_safe) = 5.00
[2025-06-27 18:33:54,613] [INFO] acc = 2
[2025-06-27 18:33:54,613] [INFO] VehicleControl(throttle=0.500000, steer=0.000000, brake=0.000000, hand_brake=False, reverse=False, manual_gear_shift=False, gear=0)
[2025-06-27 18:33:54,901] [INFO] tick: 153, speed: 0.04260890930891037, pos: 61.836524963378906
[2025-06-27 18:33:54,901] [INFO] Safe to accelerate: v_ego = 0.04 < min(v_target, v_safe) = 5.00
[2025-06-27 18:33:54,901] [INFO] acc = 2
[2025-06-27 18:33:54,901] [INFO] VehicleControl(throttle=0.500000, steer=0.000000, brake=0.000000, hand_brake=False, reverse=False, manual_gear_shift=False, gear=0)
[2025-06-27 18:33:55,184] [INFO] tick: 154, speed: 0.2682320177555084, pos: 61.857810974121094
[2025-06-27 18:33:55,184] [INFO] Safe to accelerate: v_ego = 0.27 < min(v_target, v_safe) = 5.00
[2025-06-27 18:33:55,184] [INFO] acc = 2
[2025-06-27 18:33:55,184] [INFO] VehicleControl(throttle=0.500000, steer=0.000000, brake=0.000000, hand_brake=False, reverse=False, manual_gear_shift=False, gear=0)
[2025-06-27 18:33:55,456] [INFO] tick: 155, speed: 0.47754645347595215, pos: 61.916893005371094
[2025-06-27 18:33:55,457] [INFO] Safe to accelerate: v_ego = 0.48 < min(v_target, v_safe) = 5.00
[2025-06-27 18:33:55,457] [INFO] acc = 2
[2025-06-27 18:33:55,457] [INFO] VehicleControl(throttle=0.500000, steer=0.000000, brake=0.000000, hand_brake=False, reverse=False, manual_gear_shift=False, gear=0)
[2025-06-27 18:33:55,732] [INFO] tick: 156, speed: 0.7084234356880188, pos: 62.004600524902344
[2025-06-27 18:33:55,732] [INFO] mpc control with min decceleration -0.014764694556528886
[2025-06-27 18:33:55,732] [INFO] acc = -0.014764694556528886
[2025-06-27 18:33:55,732] [INFO] VehicleControl(throttle=0.000000, steer=0.000000, brake=0.002953, hand_brake=False, reverse=False, manual_gear_shift=False, gear=0)
[2025-06-27 18:33:56,003] [INFO] tick: 157, speed: 0.4290018379688263, pos: 62.120750427246094
[2025-06-27 18:33:56,004] [INFO] Safe to accelerate: v_ego = 0.43 < min(v_target, v_safe) = 5.00
[2025-06-27 18:33:56,004] [INFO] acc = 2
[2025-06-27 18:33:56,004] [INFO] VehicleControl(throttle=0.500000, steer=0.000000, brake=0.000000, hand_brake=False, reverse=False, manual_gear_shift=False, gear=0)
[2025-06-27 18:33:56,277] [INFO] tick: 158, speed: 0.07394078373908997, pos: 62.12897491455078
[2025-06-27 18:33:56,277] [INFO] Safe to accelerate: v_ego = 0.07 < min(v_target, v_safe) = 5.00
[2025-06-27 18:33:56,277] [INFO] acc = 2
[2025-06-27 18:33:56,277] [INFO] VehicleControl(throttle=0.500000, steer=0.000000, brake=0.000000, hand_brake=False, reverse=False, manual_gear_shift=False, gear=0)
[2025-06-27 18:33:56,557] [INFO] tick: 159, speed: 0.22745198011398315, pos: 62.14984893798828
[2025-06-27 18:33:56,557] [INFO] Safe to accelerate: v_ego = 0.23 < min(v_target, v_safe) = 5.00
[2025-06-27 18:33:56,557] [INFO] acc = 2
[2025-06-27 18:33:56,557] [INFO] VehicleControl(throttle=0.500000, steer=0.000000, brake=0.000000, hand_brake=False, reverse=False, manual_gear_shift=False, gear=0)
[2025-06-27 18:33:56,833] [INFO] tick: 160, speed: 0.530692994594574, pos: 62.21021270751953
[2025-06-27 18:33:56,834] [INFO] mpc control with min decceleration -0.008387094178313103
[2025-06-27 18:33:56,834] [INFO] acc = -0.008387094178313103
[2025-06-27 18:33:56,834] [INFO] VehicleControl(throttle=0.000000, steer=0.000000, brake=0.001677, hand_brake=False, reverse=False, manual_gear_shift=False, gear=0)
[2025-06-27 18:33:57,103] [INFO] tick: 161, speed: 0.13958869874477386, pos: 62.282737731933594
[2025-06-27 18:33:57,104] [INFO] Safe to accelerate: v_ego = 0.14 < min(v_target, v_safe) = 5.00
[2025-06-27 18:33:57,104] [INFO] acc = 2
[2025-06-27 18:33:57,104] [INFO] VehicleControl(throttle=0.500000, steer=0.000000, brake=0.000000, hand_brake=False, reverse=False, manual_gear_shift=False, gear=0)
[2025-06-27 18:33:57,372] [INFO] tick: 162, speed: -0.005706703756004572, pos: 62.283851623535156
[2025-06-27 18:33:57,372] [INFO] Safe to accelerate: v_ego = -0.01 < min(v_target, v_safe) = 5.00
[2025-06-27 18:33:57,372] [INFO] acc = 2
[2025-06-27 18:33:57,373] [INFO] VehicleControl(throttle=0.500000, steer=0.000000, brake=0.000000, hand_brake=False, reverse=False, manual_gear_shift=False, gear=0)
[2025-06-27 18:33:57,642] [INFO] tick: 163, speed: 0.16410693526268005, pos: 62.29875946044922
[2025-06-27 18:33:57,642] [INFO] Safe to accelerate: v_ego = 0.16 < min(v_target, v_safe) = 5.00
[2025-06-27 18:33:57,642] [INFO] acc = 2
[2025-06-27 18:33:57,642] [INFO] VehicleControl(throttle=0.500000, steer=0.000000, brake=0.000000, hand_brake=False, reverse=False, manual_gear_shift=False, gear=0)
[2025-06-27 18:33:57,912] [INFO] tick: 164, speed: 0.4012784957885742, pos: 62.34209442138672
[2025-06-27 18:33:57,912] [INFO] Safe to accelerate: v_ego = 0.40 < min(v_target, v_safe) = 5.00
[2025-06-27 18:33:57,912] [INFO] acc = 2
[2025-06-27 18:33:57,912] [INFO] VehicleControl(throttle=0.500000, steer=0.000000, brake=0.000000, hand_brake=False, reverse=False, manual_gear_shift=False, gear=0)
[2025-06-27 18:33:58,183] [INFO] tick: 165, speed: 0.6333402395248413, pos: 62.42090606689453
[2025-06-27 18:33:58,183] [INFO] mpc control with min decceleration -0.012097158645093963
[2025-06-27 18:33:58,183] [INFO] acc = -0.012097158645093963
[2025-06-27 18:33:58,183] [INFO] VehicleControl(throttle=0.000000, steer=0.000000, brake=0.002419, hand_brake=False, reverse=False, manual_gear_shift=False, gear=0)
[2025-06-27 18:33:58,456] [INFO] tick: 166, speed: 0.23620085418224335, pos: 62.51465606689453
[2025-06-27 18:33:58,457] [INFO] Safe to accelerate: v_ego = 0.24 < min(v_target, v_safe) = 5.00
[2025-06-27 18:33:58,457] [INFO] acc = 2
[2025-06-27 18:33:58,457] [INFO] VehicleControl(throttle=0.500000, steer=0.000000, brake=0.000000, hand_brake=False, reverse=False, manual_gear_shift=False, gear=0)
[2025-06-27 18:33:58,724] [INFO] tick: 167, speed: 0.04966029152274132, pos: 62.51941680908203
[2025-06-27 18:33:58,725] [INFO] Safe to accelerate: v_ego = 0.05 < min(v_target, v_safe) = 5.00
[2025-06-27 18:33:58,725] [INFO] acc = 2
[2025-06-27 18:33:58,725] [INFO] VehicleControl(throttle=0.500000, steer=0.000000, brake=0.000000, hand_brake=False, reverse=False, manual_gear_shift=False, gear=0)
[2025-06-27 18:33:58,996] [INFO] tick: 168, speed: 0.24287094175815582, pos: 62.535682678222656
[2025-06-27 18:33:58,996] [INFO] Safe to accelerate: v_ego = 0.24 < min(v_target, v_safe) = 5.00
[2025-06-27 18:33:58,997] [INFO] acc = 2
[2025-06-27 18:33:58,997] [INFO] VehicleControl(throttle=0.500000, steer=0.000000, brake=0.000000, hand_brake=False, reverse=False, manual_gear_shift=False, gear=0)
[2025-06-27 18:33:59,270] [INFO] tick: 169, speed: 0.47149336338043213, pos: 62.592994689941406
[2025-06-27 18:33:59,270] [INFO] Safe to accelerate: v_ego = 0.47 < min(v_target, v_safe) = 5.00
[2025-06-27 18:33:59,270] [INFO] acc = 2
[2025-06-27 18:33:59,270] [INFO] VehicleControl(throttle=0.500000, steer=0.000000, brake=0.000000, hand_brake=False, reverse=False, manual_gear_shift=False, gear=0)
[2025-06-27 18:33:59,543] [INFO] tick: 170, speed: 0.6452732086181641, pos: 62.678184509277344
[2025-06-27 18:33:59,543] [INFO] mpc control with min decceleration -0.012755245088913372
[2025-06-27 18:33:59,543] [INFO] acc = -0.012755245088913372
[2025-06-27 18:33:59,543] [INFO] VehicleControl(throttle=0.000000, steer=0.000000, brake=0.002551, hand_brake=False, reverse=False, manual_gear_shift=False, gear=0)
[2025-06-27 18:33:59,814] [INFO] tick: 171, speed: 0.2637344002723694, pos: 62.77654266357422
[2025-06-27 18:33:59,814] [INFO] Safe to accelerate: v_ego = 0.26 < min(v_target, v_safe) = 5.00
[2025-06-27 18:33:59,814] [INFO] acc = 2
[2025-06-27 18:33:59,814] [INFO] VehicleControl(throttle=0.500000, steer=0.000000, brake=0.000000, hand_brake=False, reverse=False, manual_gear_shift=False, gear=0)
[2025-06-27 18:34:00,083] [INFO] tick: 172, speed: 0.05584217980504036, pos: 62.781898498535156
[2025-06-27 18:34:00,083] [INFO] Safe to accelerate: v_ego = 0.06 < min(v_target, v_safe) = 5.00
[2025-06-27 18:34:00,083] [INFO] acc = 2
[2025-06-27 18:34:00,083] [INFO] VehicleControl(throttle=0.500000, steer=0.000000, brake=0.000000, hand_brake=False, reverse=False, manual_gear_shift=False, gear=0)
[2025-06-27 18:34:00,368] [INFO] tick: 173, speed: 0.24697339534759521, pos: 62.79889678955078
[2025-06-27 18:34:00,369] [INFO] Safe to accelerate: v_ego = 0.25 < min(v_target, v_safe) = 5.00
[2025-06-27 18:34:00,369] [INFO] acc = 2
[2025-06-27 18:34:00,369] [INFO] VehicleControl(throttle=0.500000, steer=0.000000, brake=0.000000, hand_brake=False, reverse=False, manual_gear_shift=False, gear=0)
[2025-06-27 18:34:00,633] [INFO] tick: 174, speed: 0.45145750045776367, pos: 62.853309631347656
[2025-06-27 18:34:00,634] [INFO] Safe to accelerate: v_ego = 0.45 < min(v_target, v_safe) = 5.00
[2025-06-27 18:34:00,634] [INFO] acc = 2
[2025-06-27 18:34:00,634] [INFO] VehicleControl(throttle=0.500000, steer=0.000000, brake=0.000000, hand_brake=False, reverse=False, manual_gear_shift=False, gear=0)
[2025-06-27 18:34:00,912] [INFO] tick: 175, speed: 0.7104576826095581, pos: 62.941505432128906
[2025-06-27 18:34:00,912] [INFO] mpc control with min decceleration -0.015715984977471623
[2025-06-27 18:34:00,912] [INFO] acc = -0.015715984977471623
[2025-06-27 18:34:00,912] [INFO] VehicleControl(throttle=0.000000, steer=0.000000, brake=0.003143, hand_brake=False, reverse=False, manual_gear_shift=False, gear=0)
[2025-06-27 18:34:01,186] [INFO] tick: 176, speed: 0.48736560344696045, pos: 63.05158233642578
[2025-06-27 18:34:01,187] [INFO] Safe to accelerate: v_ego = 0.49 < min(v_target, v_safe) = 5.00
[2025-06-27 18:34:01,187] [INFO] acc = 2
[2025-06-27 18:34:01,187] [INFO] VehicleControl(throttle=0.500000, steer=0.000000, brake=0.000000, hand_brake=False, reverse=False, manual_gear_shift=False, gear=0)
[2025-06-27 18:34:01,472] [INFO] tick: 177, speed: 0.06862668693065643, pos: 63.06140899658203
[2025-06-27 18:34:01,472] [INFO] Safe to accelerate: v_ego = 0.07 < min(v_target, v_safe) = 5.00
[2025-06-27 18:34:01,472] [INFO] acc = 2
[2025-06-27 18:34:01,473] [INFO] VehicleControl(throttle=0.500000, steer=0.000000, brake=0.000000, hand_brake=False, reverse=False, manual_gear_shift=False, gear=0)
[2025-06-27 18:34:01,739] [INFO] tick: 178, speed: 0.2320948988199234, pos: 63.080650329589844
[2025-06-27 18:34:01,739] [INFO] Safe to accelerate: v_ego = 0.23 < min(v_target, v_safe) = 5.00
[2025-06-27 18:34:01,739] [INFO] acc = 2
[2025-06-27 18:34:01,739] [INFO] VehicleControl(throttle=0.500000, steer=0.000000, brake=0.000000, hand_brake=False, reverse=False, manual_gear_shift=False, gear=0)
[2025-06-27 18:34:02,010] [INFO] tick: 179, speed: 0.4761555790901184, pos: 63.13501739501953
[2025-06-27 18:34:02,010] [INFO] Safe to accelerate: v_ego = 0.48 < min(v_target, v_safe) = 5.00
[2025-06-27 18:34:02,010] [INFO] acc = 2
[2025-06-27 18:34:02,011] [INFO] VehicleControl(throttle=0.500000, steer=0.000000, brake=0.000000, hand_brake=False, reverse=False, manual_gear_shift=False, gear=0)
[2025-06-27 18:34:02,281] [INFO] tick: 180, speed: 0.6885485053062439, pos: 63.225975036621094
[2025-06-27 18:34:02,281] [INFO] mpc control with min decceleration -0.01502783992228155
[2025-06-27 18:34:02,281] [INFO] acc = -0.01502783992228155
[2025-06-27 18:34:02,281] [INFO] VehicleControl(throttle=0.000000, steer=0.000000, brake=0.003006, hand_brake=False, reverse=False, manual_gear_shift=False, gear=0)
[2025-06-27 18:34:02,552] [INFO] tick: 181, speed: 0.5231714248657227, pos: 63.33985137939453
[2025-06-27 18:34:02,553] [INFO] mpc control with min decceleration -0.008739008371730514
[2025-06-27 18:34:02,553] [INFO] acc = -0.008739008371730514
[2025-06-27 18:34:02,553] [INFO] VehicleControl(throttle=0.000000, steer=0.000000, brake=0.001748, hand_brake=False, reverse=False, manual_gear_shift=False, gear=0)
[2025-06-27 18:34:02,846] [INFO] tick: 182, speed: -5.2933479310013354e-05, pos: 63.34711456298828
[2025-06-27 18:34:02,846] [INFO] Safe to accelerate: v_ego = -0.00 < min(v_target, v_safe) = 5.00
[2025-06-27 18:34:02,846] [INFO] acc = 2
[2025-06-27 18:34:02,846] [INFO] VehicleControl(throttle=0.500000, steer=0.000000, brake=0.000000, hand_brake=False, reverse=False, manual_gear_shift=False, gear=0)
[2025-06-27 18:34:03,117] [INFO] tick: 183, speed: -0.01878892444074154, pos: 63.347862243652344
[2025-06-27 18:34:03,117] [INFO] Safe to accelerate: v_ego = -0.02 < min(v_target, v_safe) = 5.00
[2025-06-27 18:34:03,117] [INFO] acc = 2
[2025-06-27 18:34:03,117] [INFO] VehicleControl(throttle=0.500000, steer=0.000000, brake=0.000000, hand_brake=False, reverse=False, manual_gear_shift=False, gear=0)
[2025-06-27 18:34:03,403] [INFO] tick: 184, speed: 0.059684962034225464, pos: 63.35411834716797
[2025-06-27 18:34:03,403] [INFO] Safe to accelerate: v_ego = 0.06 < min(v_target, v_safe) = 5.00
[2025-06-27 18:34:03,403] [INFO] acc = 2
[2025-06-27 18:34:03,403] [INFO] VehicleControl(throttle=0.500000, steer=0.000000, brake=0.000000, hand_brake=False, reverse=False, manual_gear_shift=False, gear=0)
[2025-06-27 18:34:03,672] [INFO] tick: 185, speed: 0.26747599244117737, pos: 63.37970733642578
[2025-06-27 18:34:03,673] [INFO] Safe to accelerate: v_ego = 0.27 < min(v_target, v_safe) = 5.00
[2025-06-27 18:34:03,673] [INFO] acc = 2
[2025-06-27 18:34:03,673] [INFO] VehicleControl(throttle=0.500000, steer=0.000000, brake=0.000000, hand_brake=False, reverse=False, manual_gear_shift=False, gear=0)
[2025-06-27 18:34:03,946] [INFO] tick: 186, speed: 0.5051588416099548, pos: 63.442420959472656
[2025-06-27 18:34:03,946] [INFO] mpc control with min decceleration -0.008201322795531226
[2025-06-27 18:34:03,946] [INFO] acc = -0.008201322795531226
[2025-06-27 18:34:03,946] [INFO] VehicleControl(throttle=0.000000, steer=0.000000, brake=0.001640, hand_brake=False, reverse=False, manual_gear_shift=False, gear=0)
[2025-06-27 18:34:04,218] [INFO] tick: 187, speed: 0.2478429675102234, pos: 63.526039123535156
[2025-06-27 18:34:04,219] [INFO] Safe to accelerate: v_ego = 0.25 < min(v_target, v_safe) = 5.00
[2025-06-27 18:34:04,219] [INFO] acc = 2
[2025-06-27 18:34:04,219] [INFO] VehicleControl(throttle=0.500000, steer=0.000000, brake=0.000000, hand_brake=False, reverse=False, manual_gear_shift=False, gear=0)
[2025-06-27 18:34:04,492] [INFO] tick: 188, speed: -0.002373705618083477, pos: 63.53014373779297
[2025-06-27 18:34:04,492] [INFO] Safe to accelerate: v_ego = -0.00 < min(v_target, v_safe) = 5.00
[2025-06-27 18:34:04,492] [INFO] acc = 2
[2025-06-27 18:34:04,492] [INFO] VehicleControl(throttle=0.500000, steer=0.000000, brake=0.000000, hand_brake=False, reverse=False, manual_gear_shift=False, gear=0)
[2025-06-27 18:34:04,762] [INFO] tick: 189, speed: 0.20011889934539795, pos: 63.549827575683594
[2025-06-27 18:34:04,762] [INFO] Safe to accelerate: v_ego = 0.20 < min(v_target, v_safe) = 5.00
[2025-06-27 18:34:04,762] [INFO] acc = 2
[2025-06-27 18:34:04,762] [INFO] VehicleControl(throttle=0.500000, steer=0.000000, brake=0.000000, hand_brake=False, reverse=False, manual_gear_shift=False, gear=0)
[2025-06-27 18:34:05,032] [INFO] tick: 190, speed: 0.44603702425956726, pos: 63.60045623779297
[2025-06-27 18:34:05,032] [INFO] Safe to accelerate: v_ego = 0.45 < min(v_target, v_safe) = 5.00
[2025-06-27 18:34:05,032] [INFO] acc = 2
[2025-06-27 18:34:05,032] [INFO] VehicleControl(throttle=0.500000, steer=0.000000, brake=0.000000, hand_brake=False, reverse=False, manual_gear_shift=False, gear=0)
[2025-06-27 18:34:05,311] [INFO] tick: 191, speed: 0.6285465955734253, pos: 63.680503845214844
[2025-06-27 18:34:05,311] [INFO] mpc control with min decceleration -0.012894380429200337
[2025-06-27 18:34:05,311] [INFO] acc = -0.012894380429200337
[2025-06-27 18:34:05,311] [INFO] VehicleControl(throttle=0.000000, steer=0.000000, brake=0.002579, hand_brake=False, reverse=False, manual_gear_shift=False, gear=0)
[2025-06-27 18:34:05,582] [INFO] tick: 192, speed: 0.42187583446502686, pos: 63.783363342285156
[2025-06-27 18:34:05,582] [INFO] Safe to accelerate: v_ego = 0.42 < min(v_target, v_safe) = 5.00
[2025-06-27 18:34:05,582] [INFO] acc = 2
[2025-06-27 18:34:05,582] [INFO] VehicleControl(throttle=0.500000, steer=0.000000, brake=0.000000, hand_brake=False, reverse=False, manual_gear_shift=False, gear=0)
[2025-06-27 18:34:05,851] [INFO] tick: 193, speed: 0.06351876258850098, pos: 63.78899383544922
[2025-06-27 18:34:05,851] [INFO] Safe to accelerate: v_ego = 0.06 < min(v_target, v_safe) = 5.00
[2025-06-27 18:34:05,851] [INFO] acc = 2
[2025-06-27 18:34:05,851] [INFO] VehicleControl(throttle=0.500000, steer=0.000000, brake=0.000000, hand_brake=False, reverse=False, manual_gear_shift=False, gear=0)
[2025-06-27 18:34:06,123] [INFO] tick: 194, speed: 0.2547304928302765, pos: 63.80699920654297
[2025-06-27 18:34:06,124] [INFO] Safe to accelerate: v_ego = 0.25 < min(v_target, v_safe) = 5.00
[2025-06-27 18:34:06,124] [INFO] acc = 2
[2025-06-27 18:34:06,124] [INFO] VehicleControl(throttle=0.500000, steer=0.000000, brake=0.000000, hand_brake=False, reverse=False, manual_gear_shift=False, gear=0)
[2025-06-27 18:34:06,394] [INFO] tick: 195, speed: 0.4751243591308594, pos: 63.860862731933594
[2025-06-27 18:34:06,395] [INFO] Safe to accelerate: v_ego = 0.48 < min(v_target, v_safe) = 5.00
[2025-06-27 18:34:06,395] [INFO] acc = 2
[2025-06-27 18:34:06,395] [INFO] VehicleControl(throttle=0.500000, steer=0.000000, brake=0.000000, hand_brake=False, reverse=False, manual_gear_shift=False, gear=0)
[2025-06-27 18:34:06,672] [INFO] tick: 196, speed: 0.6949513554573059, pos: 63.949928283691406
[2025-06-27 18:34:06,673] [INFO] mpc control with min decceleration -0.01604501943763508
[2025-06-27 18:34:06,673] [INFO] acc = -0.01604501943763508
[2025-06-27 18:34:06,673] [INFO] VehicleControl(throttle=0.000000, steer=0.000000, brake=0.003209, hand_brake=False, reverse=False, manual_gear_shift=False, gear=0)
[2025-06-27 18:34:06,948] [INFO] tick: 197, speed: 0.5177415609359741, pos: 64.0610580444336
[2025-06-27 18:34:06,948] [INFO] mpc control with min decceleration -0.008971730552194107
[2025-06-27 18:34:06,948] [INFO] acc = -0.008971730552194107
[2025-06-27 18:34:06,948] [INFO] VehicleControl(throttle=0.000000, steer=0.000000, brake=0.001794, hand_brake=False, reverse=False, manual_gear_shift=False, gear=0)
[2025-06-27 18:34:07,235] [INFO] tick: 198, speed: -5.177718776394613e-05, pos: 64.06815338134766
[2025-06-27 18:34:07,235] [INFO] Safe to accelerate: v_ego = -0.00 < min(v_target, v_safe) = 5.00
[2025-06-27 18:34:07,235] [INFO] acc = 2
[2025-06-27 18:34:07,235] [INFO] VehicleControl(throttle=0.500000, steer=0.000000, brake=0.000000, hand_brake=False, reverse=False, manual_gear_shift=False, gear=0)
[2025-06-27 18:34:07,520] [INFO] tick: 199, speed: -0.018765585497021675, pos: 64.06888580322266
[2025-06-27 18:34:07,521] [INFO] Safe to accelerate: v_ego = -0.02 < min(v_target, v_safe) = 5.00
[2025-06-27 18:34:07,521] [INFO] acc = 2
[2025-06-27 18:34:07,521] [INFO] VehicleControl(throttle=0.500000, steer=0.000000, brake=0.000000, hand_brake=False, reverse=False, manual_gear_shift=False, gear=0)
[2025-06-27 18:34:07,797] [INFO] tick: 200, speed: 0.05989842116832733, pos: 64.0751724243164
[2025-06-27 18:34:07,797] [INFO] Safe to accelerate: v_ego = 0.06 < min(v_target, v_safe) = 5.00
[2025-06-27 18:34:07,797] [INFO] acc = 2
[2025-06-27 18:34:07,797] [INFO] VehicleControl(throttle=0.500000, steer=0.000000, brake=0.000000, hand_brake=False, reverse=False, manual_gear_shift=False, gear=0)
[2025-06-27 18:34:08,074] [INFO] tick: 201, speed: 0.29380473494529724, pos: 64.1015853881836
[2025-06-27 18:34:08,075] [INFO] Safe to accelerate: v_ego = 0.29 < min(v_target, v_safe) = 5.00
[2025-06-27 18:34:08,075] [INFO] acc = 2
[2025-06-27 18:34:08,075] [INFO] VehicleControl(throttle=0.500000, steer=0.000000, brake=0.000000, hand_brake=False, reverse=False, manual_gear_shift=False, gear=0)
[2025-06-27 18:34:08,348] [INFO] tick: 202, speed: 0.5074213147163391, pos: 64.16326141357422
[2025-06-27 18:34:08,349] [INFO] mpc control with min decceleration -0.008676987503979638
[2025-06-27 18:34:08,349] [INFO] acc = -0.008676987503979638
[2025-06-27 18:34:08,349] [INFO] VehicleControl(throttle=0.000000, steer=0.000000, brake=0.001735, hand_brake=False, reverse=False, manual_gear_shift=False, gear=0)
[2025-06-27 18:34:08,623] [INFO] tick: 203, speed: 0.16395488381385803, pos: 64.24010467529297
[2025-06-27 18:34:08,624] [INFO] Safe to accelerate: v_ego = 0.16 < min(v_target, v_safe) = 5.00
[2025-06-27 18:34:08,624] [INFO] acc = 2
[2025-06-27 18:34:08,624] [INFO] VehicleControl(throttle=0.500000, steer=0.000000, brake=0.000000, hand_brake=False, reverse=False, manual_gear_shift=False, gear=0)
[2025-06-27 18:34:08,895] [INFO] tick: 204, speed: -0.004846580326557159, pos: 64.24121856689453
[2025-06-27 18:34:08,896] [INFO] Safe to accelerate: v_ego = -0.00 < min(v_target, v_safe) = 5.00
[2025-06-27 18:34:08,896] [INFO] acc = 2
[2025-06-27 18:34:08,896] [INFO] VehicleControl(throttle=0.500000, steer=0.000000, brake=0.000000, hand_brake=False, reverse=False, manual_gear_shift=False, gear=0)
[2025-06-27 18:34:09,165] [INFO] tick: 205, speed: 0.19495399296283722, pos: 64.25824737548828
[2025-06-27 18:34:09,166] [INFO] Safe to accelerate: v_ego = 0.19 < min(v_target, v_safe) = 5.00
[2025-06-27 18:34:09,166] [INFO] acc = 2
[2025-06-27 18:34:09,166] [INFO] VehicleControl(throttle=0.500000, steer=0.000000, brake=0.000000, hand_brake=False, reverse=False, manual_gear_shift=False, gear=0)
[2025-06-27 18:34:09,448] [INFO] tick: 206, speed: 0.47320887446403503, pos: 64.31110382080078
[2025-06-27 18:34:09,448] [INFO] Safe to accelerate: v_ego = 0.47 < min(v_target, v_safe) = 5.00
[2025-06-27 18:34:09,448] [INFO] acc = 2
[2025-06-27 18:34:09,448] [INFO] VehicleControl(throttle=0.500000, steer=0.000000, brake=0.000000, hand_brake=False, reverse=False, manual_gear_shift=False, gear=0)
[2025-06-27 18:34:09,723] [INFO] tick: 207, speed: 0.62640380859375, pos: 64.39579010009766
[2025-06-27 18:34:09,723] [INFO] mpc control with min decceleration -0.013433856884766466
[2025-06-27 18:34:09,723] [INFO] acc = -0.013433856884766466
[2025-06-27 18:34:09,723] [INFO] VehicleControl(throttle=0.000000, steer=0.000000, brake=0.002687, hand_brake=False, reverse=False, manual_gear_shift=False, gear=0)
[2025-06-27 18:34:10,003] [INFO] tick: 208, speed: 0.536403477191925, pos: 64.50499725341797
[2025-06-27 18:34:10,003] [INFO] mpc control with min decceleration -0.009925099545477335
[2025-06-27 18:34:10,003] [INFO] acc = -0.009925099545477335
[2025-06-27 18:34:10,003] [INFO] VehicleControl(throttle=0.000000, steer=0.000000, brake=0.001985, hand_brake=False, reverse=False, manual_gear_shift=False, gear=0)
[2025-06-27 18:34:10,277] [INFO] tick: 209, speed: -4.826215808861889e-05, pos: 64.51264190673828
[2025-06-27 18:34:10,278] [INFO] Safe to accelerate: v_ego = -0.00 < min(v_target, v_safe) = 5.00
[2025-06-27 18:34:10,278] [INFO] acc = 2
[2025-06-27 18:34:10,278] [INFO] VehicleControl(throttle=0.500000, steer=0.000000, brake=0.000000, hand_brake=False, reverse=False, manual_gear_shift=False, gear=0)
[2025-06-27 18:34:10,557] [INFO] tick: 210, speed: -0.019285166636109352, pos: 64.51335906982422
[2025-06-27 18:34:10,557] [INFO] Safe to accelerate: v_ego = -0.02 < min(v_target, v_safe) = 5.00
[2025-06-27 18:34:10,557] [INFO] acc = 2
[2025-06-27 18:34:10,557] [INFO] VehicleControl(throttle=0.500000, steer=0.000000, brake=0.000000, hand_brake=False, reverse=False, manual_gear_shift=False, gear=0)
[2025-06-27 18:34:10,826] [INFO] tick: 211, speed: 0.05533667281270027, pos: 64.51940155029297
[2025-06-27 18:34:10,827] [INFO] Safe to accelerate: v_ego = 0.06 < min(v_target, v_safe) = 5.00
[2025-06-27 18:34:10,827] [INFO] acc = 2
[2025-06-27 18:34:10,827] [INFO] VehicleControl(throttle=0.500000, steer=0.000000, brake=0.000000, hand_brake=False, reverse=False, manual_gear_shift=False, gear=0)
[2025-06-27 18:34:11,102] [INFO] tick: 212, speed: 0.26667138934135437, pos: 64.54254913330078
[2025-06-27 18:34:11,103] [INFO] Safe to accelerate: v_ego = 0.27 < min(v_target, v_safe) = 5.00
[2025-06-27 18:34:11,103] [INFO] acc = 2
[2025-06-27 18:34:11,103] [INFO] VehicleControl(throttle=0.500000, steer=0.000000, brake=0.000000, hand_brake=False, reverse=False, manual_gear_shift=False, gear=0)
[2025-06-27 18:34:11,373] [INFO] tick: 213, speed: 0.48157569766044617, pos: 64.59894561767578
[2025-06-27 18:34:11,373] [INFO] Safe to accelerate: v_ego = 0.48 < min(v_target, v_safe) = 5.00
[2025-06-27 18:34:11,373] [INFO] acc = 2
[2025-06-27 18:34:11,373] [INFO] VehicleControl(throttle=0.500000, steer=0.000000, brake=0.000000, hand_brake=False, reverse=False, manual_gear_shift=False, gear=0)
[2025-06-27 18:34:11,647] [INFO] tick: 214, speed: 0.6786268949508667, pos: 64.68753814697266
[2025-06-27 18:34:11,647] [INFO] mpc control with min decceleration -0.016088583057192334
[2025-06-27 18:34:11,648] [INFO] acc = -0.016088583057192334
[2025-06-27 18:34:11,648] [INFO] VehicleControl(throttle=0.000000, steer=0.000000, brake=0.003218, hand_brake=False, reverse=False, manual_gear_shift=False, gear=0)
[2025-06-27 18:34:11,924] [INFO] tick: 215, speed: 0.24041955173015594, pos: 64.7891616821289
[2025-06-27 18:34:11,924] [INFO] Safe to accelerate: v_ego = 0.24 < min(v_target, v_safe) = 5.00
[2025-06-27 18:34:11,924] [INFO] acc = 2
[2025-06-27 18:34:11,925] [INFO] VehicleControl(throttle=0.500000, steer=0.000000, brake=0.000000, hand_brake=False, reverse=False, manual_gear_shift=False, gear=0)
[2025-06-27 18:34:12,201] [INFO] tick: 216, speed: 0.06726739555597305, pos: 64.79436492919922
[2025-06-27 18:34:12,201] [INFO] Safe to accelerate: v_ego = 0.07 < min(v_target, v_safe) = 5.00
[2025-06-27 18:34:12,201] [INFO] acc = 2
[2025-06-27 18:34:12,202] [INFO] VehicleControl(throttle=0.500000, steer=0.000000, brake=0.000000, hand_brake=False, reverse=False, manual_gear_shift=False, gear=0)
[2025-06-27 18:34:12,474] [INFO] tick: 217, speed: 0.22329290211200714, pos: 64.81246185302734
[2025-06-27 18:34:12,474] [INFO] Safe to accelerate: v_ego = 0.22 < min(v_target, v_safe) = 5.00
[2025-06-27 18:34:12,474] [INFO] acc = 2
[2025-06-27 18:34:12,474] [INFO] VehicleControl(throttle=0.500000, steer=0.000000, brake=0.000000, hand_brake=False, reverse=False, manual_gear_shift=False, gear=0)
[2025-06-27 18:34:12,747] [INFO] tick: 218, speed: 0.4746970236301422, pos: 64.86649322509766
[2025-06-27 18:34:12,747] [INFO] Safe to accelerate: v_ego = 0.47 < min(v_target, v_safe) = 5.00
[2025-06-27 18:34:12,747] [INFO] acc = 2
[2025-06-27 18:34:12,747] [INFO] VehicleControl(throttle=0.500000, steer=0.000000, brake=0.000000, hand_brake=False, reverse=False, manual_gear_shift=False, gear=0)
[2025-06-27 18:34:13,024] [INFO] tick: 219, speed: 0.7114543914794922, pos: 64.95696258544922
[2025-06-27 18:34:13,025] [INFO] mpc control with min decceleration -0.01802200393737419
[2025-06-27 18:34:13,025] [INFO] acc = -0.01802200393737419
[2025-06-27 18:34:13,025] [INFO] VehicleControl(throttle=0.000000, steer=0.000000, brake=0.003604, hand_brake=False, reverse=False, manual_gear_shift=False, gear=0)
[2025-06-27 18:34:13,294] [INFO] tick: 220, speed: 0.30246058106422424, pos: 65.06237030029297
[2025-06-27 18:34:13,295] [INFO] Safe to accelerate: v_ego = 0.30 < min(v_target, v_safe) = 5.00
[2025-06-27 18:34:13,295] [INFO] acc = 2
[2025-06-27 18:34:13,295] [INFO] VehicleControl(throttle=0.500000, steer=0.000000, brake=0.000000, hand_brake=False, reverse=False, manual_gear_shift=False, gear=0)
[2025-06-27 18:34:13,570] [INFO] tick: 221, speed: 0.06192063167691231, pos: 65.06731414794922
[2025-06-27 18:34:13,570] [INFO] Safe to accelerate: v_ego = 0.06 < min(v_target, v_safe) = 5.00
[2025-06-27 18:34:13,570] [INFO] acc = 2
[2025-06-27 18:34:13,570] [INFO] VehicleControl(throttle=0.500000, steer=0.000000, brake=0.000000, hand_brake=False, reverse=False, manual_gear_shift=False, gear=0)
[2025-06-27 18:34:13,846] [INFO] tick: 222, speed: 0.2538171410560608, pos: 65.08512115478516
[2025-06-27 18:34:13,846] [INFO] Safe to accelerate: v_ego = 0.25 < min(v_target, v_safe) = 5.00
[2025-06-27 18:34:13,846] [INFO] acc = 2
[2025-06-27 18:34:13,846] [INFO] VehicleControl(throttle=0.500000, steer=0.000000, brake=0.000000, hand_brake=False, reverse=False, manual_gear_shift=False, gear=0)
[2025-06-27 18:34:14,122] [INFO] tick: 223, speed: 0.4560723304748535, pos: 65.13945770263672
[2025-06-27 18:34:14,122] [INFO] Safe to accelerate: v_ego = 0.46 < min(v_target, v_safe) = 5.00
[2025-06-27 18:34:14,122] [INFO] acc = 2
[2025-06-27 18:34:14,122] [INFO] VehicleControl(throttle=0.500000, steer=0.000000, brake=0.000000, hand_brake=False, reverse=False, manual_gear_shift=False, gear=0)
[2025-06-27 18:34:14,392] [INFO] tick: 224, speed: 0.6522539258003235, pos: 65.22615814208984
[2025-06-27 18:34:14,393] [INFO] mpc control with min decceleration -0.015443591850069466
[2025-06-27 18:34:14,393] [INFO] acc = -0.015443591850069466
[2025-06-27 18:34:14,393] [INFO] VehicleControl(throttle=0.000000, steer=0.000000, brake=0.003089, hand_brake=False, reverse=False, manual_gear_shift=False, gear=0)
[2025-06-27 18:34:14,670] [INFO] tick: 225, speed: 0.45636504888534546, pos: 65.33560943603516
[2025-06-27 18:34:14,671] [INFO] Safe to accelerate: v_ego = 0.46 < min(v_target, v_safe) = 5.00
[2025-06-27 18:34:14,671] [INFO] acc = 2
[2025-06-27 18:34:14,671] [INFO] VehicleControl(throttle=0.500000, steer=0.000000, brake=0.000000, hand_brake=False, reverse=False, manual_gear_shift=False, gear=0)
[2025-06-27 18:34:14,993] [INFO] tick: 226, speed: 0.07397876679897308, pos: 65.34459686279297
[2025-06-27 18:34:14,993] [INFO] Safe to accelerate: v_ego = 0.07 < min(v_target, v_safe) = 5.00
[2025-06-27 18:34:14,993] [INFO] acc = 2
[2025-06-27 18:34:14,993] [INFO] VehicleControl(throttle=0.500000, steer=0.000000, brake=0.000000, hand_brake=False, reverse=False, manual_gear_shift=False, gear=0)
[2025-06-27 18:34:15,384] [INFO] tick: 227, speed: 0.2638908326625824, pos: 65.36609649658203
[2025-06-27 18:34:15,385] [INFO] Safe to accelerate: v_ego = 0.26 < min(v_target, v_safe) = 5.00
[2025-06-27 18:34:15,385] [INFO] acc = 2
[2025-06-27 18:34:15,385] [INFO] VehicleControl(throttle=0.500000, steer=0.000000, brake=0.000000, hand_brake=False, reverse=False, manual_gear_shift=False, gear=0)
[2025-06-27 18:34:15,781] [INFO] tick: 228, speed: 0.45569127798080444, pos: 65.42125701904297
[2025-06-27 18:34:15,781] [INFO] Safe to accelerate: v_ego = 0.46 < min(v_target, v_safe) = 5.00
[2025-06-27 18:34:15,781] [INFO] acc = 2
[2025-06-27 18:34:15,781] [INFO] VehicleControl(throttle=0.500000, steer=0.000000, brake=0.000000, hand_brake=False, reverse=False, manual_gear_shift=False, gear=0)
[2025-06-27 18:34:16,282] [INFO] tick: 229, speed: 0.6525744199752808, pos: 65.50814056396484
[2025-06-27 18:34:16,282] [INFO] mpc control with min decceleration -0.015781863709188604
[2025-06-27 18:34:16,282] [INFO] acc = -0.015781863709188604
[2025-06-27 18:34:16,282] [INFO] VehicleControl(throttle=0.000000, steer=0.000000, brake=0.003156, hand_brake=False, reverse=False, manual_gear_shift=False, gear=0)
[2025-06-27 18:34:16,824] [INFO] tick: 230, speed: 0.5726200938224792, pos: 65.61859893798828
[2025-06-27 18:34:16,824] [INFO] mpc control with min decceleration -0.01225184755803031
[2025-06-27 18:34:16,825] [INFO] acc = -0.01225184755803031
[2025-06-27 18:34:16,825] [INFO] VehicleControl(throttle=0.000000, steer=0.000000, brake=0.002450, hand_brake=False, reverse=False, manual_gear_shift=False, gear=0)
[2025-06-27 18:34:17,211] [INFO] tick: 231, speed: -4.8809244617586955e-05, pos: 65.62731170654297
[2025-06-27 18:34:17,211] [INFO] Safe to accelerate: v_ego = -0.00 < min(v_target, v_safe) = 5.00
[2025-06-27 18:34:17,211] [INFO] acc = 2
[2025-06-27 18:34:17,211] [INFO] VehicleControl(throttle=0.500000, steer=0.000000, brake=0.000000, hand_brake=False, reverse=False, manual_gear_shift=False, gear=0)
[2025-06-27 18:34:17,506] [INFO] tick: 232, speed: -0.018596742302179337, pos: 65.62804412841797
[2025-06-27 18:34:17,507] [INFO] Safe to accelerate: v_ego = -0.02 < min(v_target, v_safe) = 5.00
[2025-06-27 18:34:17,507] [INFO] acc = 2
[2025-06-27 18:34:17,507] [INFO] VehicleControl(throttle=0.500000, steer=0.000000, brake=0.000000, hand_brake=False, reverse=False, manual_gear_shift=False, gear=0)
[2025-06-27 18:34:17,916] [INFO] tick: 233, speed: 0.06138971075415611, pos: 65.63439178466797
[2025-06-27 18:34:17,917] [INFO] Safe to accelerate: v_ego = 0.06 < min(v_target, v_safe) = 5.00
[2025-06-27 18:34:17,917] [INFO] acc = 2
[2025-06-27 18:34:17,917] [INFO] VehicleControl(throttle=0.500000, steer=0.000000, brake=0.000000, hand_brake=False, reverse=False, manual_gear_shift=False, gear=0)
[2025-06-27 18:34:18,496] [INFO] tick: 234, speed: 0.28488123416900635, pos: 65.66190338134766
[2025-06-27 18:34:18,497] [INFO] Safe to accelerate: v_ego = 0.28 < min(v_target, v_safe) = 5.00
[2025-06-27 18:34:18,497] [INFO] acc = 2
[2025-06-27 18:34:18,497] [INFO] VehicleControl(throttle=0.500000, steer=0.000000, brake=0.000000, hand_brake=False, reverse=False, manual_gear_shift=False, gear=0)
[2025-06-27 18:34:18,919] [INFO] tick: 235, speed: 0.5139113664627075, pos: 65.72161102294922
[2025-06-27 18:34:18,919] [INFO] mpc control with min decceleration -0.009944914742143166
[2025-06-27 18:34:18,919] [INFO] acc = -0.009944914742143166
[2025-06-27 18:34:18,919] [INFO] VehicleControl(throttle=0.000000, steer=0.000000, brake=0.001989, hand_brake=False, reverse=False, manual_gear_shift=False, gear=0)
[2025-06-27 18:34:19,206] [INFO] tick: 236, speed: 0.19461151957511902, pos: 65.7959976196289
[2025-06-27 18:34:19,206] [INFO] Safe to accelerate: v_ego = 0.19 < min(v_target, v_safe) = 5.00
[2025-06-27 18:34:19,206] [INFO] acc = 2
[2025-06-27 18:34:19,206] [INFO] VehicleControl(throttle=0.500000, steer=0.000000, brake=0.000000, hand_brake=False, reverse=False, manual_gear_shift=False, gear=0)
[2025-06-27 18:34:19,441] [INFO] tick: 237, speed: -0.005355609580874443, pos: 65.79712677001953
[2025-06-27 18:34:19,442] [INFO] Safe to accelerate: v_ego = -0.01 < min(v_target, v_safe) = 5.00
[2025-06-27 18:34:19,442] [INFO] acc = 2
[2025-06-27 18:34:19,442] [INFO] VehicleControl(throttle=0.500000, steer=0.000000, brake=0.000000, hand_brake=False, reverse=False, manual_gear_shift=False, gear=0)
[2025-06-27 18:34:19,704] [INFO] tick: 238, speed: 0.2078305184841156, pos: 65.81378936767578
[2025-06-27 18:34:19,704] [INFO] Safe to accelerate: v_ego = 0.21 < min(v_target, v_safe) = 5.00
[2025-06-27 18:34:19,704] [INFO] acc = 2
[2025-06-27 18:34:19,704] [INFO] VehicleControl(throttle=0.500000, steer=0.000000, brake=0.000000, hand_brake=False, reverse=False, manual_gear_shift=False, gear=0)
[2025-06-27 18:34:19,965] [INFO] tick: 239, speed: 0.4142204225063324, pos: 65.86127471923828
[2025-06-27 18:34:19,965] [INFO] Safe to accelerate: v_ego = 0.41 < min(v_target, v_safe) = 5.00
[2025-06-27 18:34:19,966] [INFO] acc = 2
[2025-06-27 18:34:19,966] [INFO] VehicleControl(throttle=0.500000, steer=0.000000, brake=0.000000, hand_brake=False, reverse=False, manual_gear_shift=False, gear=0)
[2025-06-27 18:34:20,211] [INFO] tick: 240, speed: 0.715349555015564, pos: 65.94512176513672
[2025-06-27 18:34:20,211] [INFO] mpc control with min decceleration -0.019598994975471882
[2025-06-27 18:34:20,211] [INFO] acc = -0.019598994975471882
[2025-06-27 18:34:20,211] [INFO] VehicleControl(throttle=0.000000, steer=0.000000, brake=0.003920, hand_brake=False, reverse=False, manual_gear_shift=False, gear=0)
[2025-06-27 18:34:20,450] [INFO] tick: 241, speed: 0.2814093232154846, pos: 66.0459213256836
[2025-06-27 18:34:20,451] [INFO] Safe to accelerate: v_ego = 0.28 < min(v_target, v_safe) = 5.00
[2025-06-27 18:34:20,451] [INFO] acc = 2
[2025-06-27 18:34:20,451] [INFO] VehicleControl(throttle=0.500000, steer=0.000000, brake=0.000000, hand_brake=False, reverse=False, manual_gear_shift=False, gear=0)
[2025-06-27 18:34:20,688] [INFO] tick: 242, speed: 0.05711347609758377, pos: 66.05046844482422
[2025-06-27 18:34:20,689] [INFO] Safe to accelerate: v_ego = 0.06 < min(v_target, v_safe) = 5.00
[2025-06-27 18:34:20,689] [INFO] acc = 2
[2025-06-27 18:34:20,689] [INFO] VehicleControl(throttle=0.500000, steer=0.000000, brake=0.000000, hand_brake=False, reverse=False, manual_gear_shift=False, gear=0)
[2025-06-27 18:34:20,942] [INFO] tick: 243, speed: 0.24863062798976898, pos: 66.06766510009766
[2025-06-27 18:34:20,942] [INFO] Safe to accelerate: v_ego = 0.25 < min(v_target, v_safe) = 5.00
[2025-06-27 18:34:20,942] [INFO] acc = 2
[2025-06-27 18:34:20,942] [INFO] VehicleControl(throttle=0.500000, steer=0.000000, brake=0.000000, hand_brake=False, reverse=False, manual_gear_shift=False, gear=0)
[2025-06-27 18:34:21,177] [INFO] tick: 244, speed: 0.48510605096817017, pos: 66.12328338623047
[2025-06-27 18:34:21,177] [INFO] Safe to accelerate: v_ego = 0.49 < min(v_target, v_safe) = 5.00
[2025-06-27 18:34:21,177] [INFO] acc = 2
[2025-06-27 18:34:21,177] [INFO] VehicleControl(throttle=0.500000, steer=0.000000, brake=0.000000, hand_brake=False, reverse=False, manual_gear_shift=False, gear=0)
[2025-06-27 18:34:21,417] [INFO] tick: 245, speed: 0.6770043969154358, pos: 66.21086883544922
[2025-06-27 18:34:21,417] [INFO] mpc control with min decceleration -0.017918924575316606
[2025-06-27 18:34:21,417] [INFO] acc = -0.017918924575316606
[2025-06-27 18:34:21,418] [INFO] VehicleControl(throttle=0.000000, steer=0.000000, brake=0.003584, hand_brake=False, reverse=False, manual_gear_shift=False, gear=0)
[2025-06-27 18:34:21,655] [INFO] tick: 246, speed: 0.20703887939453125, pos: 66.30792999267578
[2025-06-27 18:34:21,655] [INFO] Safe to accelerate: v_ego = 0.21 < min(v_target, v_safe) = 5.00
[2025-06-27 18:34:21,655] [INFO] acc = 2
[2025-06-27 18:34:21,655] [INFO] VehicleControl(throttle=0.500000, steer=0.000000, brake=0.000000, hand_brake=False, reverse=False, manual_gear_shift=False, gear=0)
[2025-06-27 18:34:21,900] [INFO] tick: 247, speed: 0.060360055416822433, pos: 66.3125228881836
[2025-06-27 18:34:21,900] [INFO] Safe to accelerate: v_ego = 0.06 < min(v_target, v_safe) = 5.00
[2025-06-27 18:34:21,900] [INFO] acc = 2
[2025-06-27 18:34:21,900] [INFO] VehicleControl(throttle=0.500000, steer=0.000000, brake=0.000000, hand_brake=False, reverse=False, manual_gear_shift=False, gear=0)
[2025-06-27 18:34:22,153] [INFO] tick: 248, speed: 0.25260603427886963, pos: 66.3301773071289
[2025-06-27 18:34:22,153] [INFO] Safe to accelerate: v_ego = 0.25 < min(v_target, v_safe) = 5.00
[2025-06-27 18:34:22,153] [INFO] acc = 2
[2025-06-27 18:34:22,153] [INFO] VehicleControl(throttle=0.500000, steer=0.000000, brake=0.000000, hand_brake=False, reverse=False, manual_gear_shift=False, gear=0)
[2025-06-27 18:34:22,391] [INFO] tick: 249, speed: 0.46361616253852844, pos: 66.38373565673828
[2025-06-27 18:34:22,392] [INFO] Safe to accelerate: v_ego = 0.46 < min(v_target, v_safe) = 5.00
[2025-06-27 18:34:22,392] [INFO] acc = 2
[2025-06-27 18:34:22,392] [INFO] VehicleControl(throttle=0.500000, steer=0.000000, brake=0.000000, hand_brake=False, reverse=False, manual_gear_shift=False, gear=0)
[2025-06-27 18:34:22,773] [INFO] tick: 250, speed: 0.6484644412994385, pos: 66.4708023071289
[2025-06-27 18:34:22,774] [INFO] mpc control with min decceleration -0.016781047834733023
[2025-06-27 18:34:22,774] [INFO] acc = -0.016781047834733023
[2025-06-27 18:34:22,774] [INFO] VehicleControl(throttle=0.000000, steer=0.000000, brake=0.003356, hand_brake=False, reverse=False, manual_gear_shift=False, gear=0)
[2025-06-27 18:34:23,245] [INFO] tick: 251, speed: 0.26031145453453064, pos: 66.56790924072266
[2025-06-27 18:34:23,245] [INFO] Safe to accelerate: v_ego = 0.26 < min(v_target, v_safe) = 5.00
[2025-06-27 18:34:23,245] [INFO] acc = 2
[2025-06-27 18:34:23,245] [INFO] VehicleControl(throttle=0.500000, steer=0.000000, brake=0.000000, hand_brake=False, reverse=False, manual_gear_shift=False, gear=0)
[2025-06-27 18:34:23,661] [INFO] tick: 252, speed: 0.0603007934987545, pos: 66.57331085205078
[2025-06-27 18:34:23,661] [INFO] Safe to accelerate: v_ego = 0.06 < min(v_target, v_safe) = 5.00
[2025-06-27 18:34:23,661] [INFO] acc = 2
[2025-06-27 18:34:23,661] [INFO] VehicleControl(throttle=0.500000, steer=0.000000, brake=0.000000, hand_brake=False, reverse=False, manual_gear_shift=False, gear=0)
[2025-06-27 18:34:23,908] [INFO] tick: 253, speed: 0.25242823362350464, pos: 66.5909194946289
[2025-06-27 18:34:23,908] [INFO] Safe to accelerate: v_ego = 0.25 < min(v_target, v_safe) = 5.00
[2025-06-27 18:34:23,908] [INFO] acc = 2
[2025-06-27 18:34:23,908] [INFO] VehicleControl(throttle=0.500000, steer=0.000000, brake=0.000000, hand_brake=False, reverse=False, manual_gear_shift=False, gear=0)
[2025-06-27 18:34:24,191] [INFO] tick: 254, speed: 0.46283575892448425, pos: 66.64636993408203
[2025-06-27 18:34:24,191] [INFO] Safe to accelerate: v_ego = 0.46 < min(v_target, v_safe) = 5.00
[2025-06-27 18:34:24,191] [INFO] acc = 2
[2025-06-27 18:34:24,191] [INFO] VehicleControl(throttle=0.500000, steer=0.000000, brake=0.000000, hand_brake=False, reverse=False, manual_gear_shift=False, gear=0)
[2025-06-27 18:34:24,473] [INFO] tick: 255, speed: 0.6604959964752197, pos: 66.73291778564453
[2025-06-27 18:34:24,474] [INFO] mpc control with min decceleration -0.017781529207054187
[2025-06-27 18:34:24,474] [INFO] acc = -0.017781529207054187
[2025-06-27 18:34:24,474] [INFO] VehicleControl(throttle=0.000000, steer=0.000000, brake=0.003556, hand_brake=False, reverse=False, manual_gear_shift=False, gear=0)
[2025-06-27 18:34:24,843] [INFO] tick: 256, speed: 0.4455018639564514, pos: 66.83930206298828
[2025-06-27 18:34:24,844] [INFO] Safe to accelerate: v_ego = 0.45 < min(v_target, v_safe) = 5.00
[2025-06-27 18:34:24,844] [INFO] acc = 2
[2025-06-27 18:34:24,844] [INFO] VehicleControl(throttle=0.500000, steer=0.000000, brake=0.000000, hand_brake=False, reverse=False, manual_gear_shift=False, gear=0)
[2025-06-27 18:34:25,239] [INFO] tick: 257, speed: 0.0740869790315628, pos: 66.84795379638672
[2025-06-27 18:34:25,240] [INFO] Safe to accelerate: v_ego = 0.07 < min(v_target, v_safe) = 5.00
[2025-06-27 18:34:25,240] [INFO] acc = 2
[2025-06-27 18:34:25,240] [INFO] VehicleControl(throttle=0.500000, steer=0.000000, brake=0.000000, hand_brake=False, reverse=False, manual_gear_shift=False, gear=0)
[2025-06-27 18:34:25,520] [INFO] tick: 258, speed: 0.2291662096977234, pos: 66.86882781982422
[2025-06-27 18:34:25,521] [INFO] Safe to accelerate: v_ego = 0.23 < min(v_target, v_safe) = 5.00
[2025-06-27 18:34:25,521] [INFO] acc = 2
[2025-06-27 18:34:25,521] [INFO] VehicleControl(throttle=0.500000, steer=0.000000, brake=0.000000, hand_brake=False, reverse=False, manual_gear_shift=False, gear=0)
[2025-06-27 18:34:25,758] [INFO] tick: 259, speed: 0.5064473152160645, pos: 66.92369842529297
[2025-06-27 18:34:25,758] [INFO] mpc control with min decceleration -0.010619512998365235
[2025-06-27 18:34:25,758] [INFO] acc = -0.010619512998365235
[2025-06-27 18:34:25,758] [INFO] VehicleControl(throttle=0.000000, steer=0.000000, brake=0.002124, hand_brake=False, reverse=False, manual_gear_shift=False, gear=0)
[2025-06-27 18:34:26,013] [INFO] tick: 260, speed: 0.20076510310173035, pos: 66.9964828491211
[2025-06-27 18:34:26,014] [INFO] Safe to accelerate: v_ego = 0.20 < min(v_target, v_safe) = 5.00
[2025-06-27 18:34:26,014] [INFO] acc = 2
[2025-06-27 18:34:26,014] [INFO] VehicleControl(throttle=0.500000, steer=0.000000, brake=0.000000, hand_brake=False, reverse=False, manual_gear_shift=False, gear=0)
[2025-06-27 18:34:26,265] [INFO] tick: 261, speed: -0.006614793557673693, pos: 66.9975814819336
[2025-06-27 18:34:26,265] [INFO] Safe to accelerate: v_ego = -0.01 < min(v_target, v_safe) = 5.00
[2025-06-27 18:34:26,265] [INFO] acc = 2
[2025-06-27 18:34:26,265] [INFO] VehicleControl(throttle=0.500000, steer=0.000000, brake=0.000000, hand_brake=False, reverse=False, manual_gear_shift=False, gear=0)
[2025-06-27 18:34:26,513] [INFO] tick: 262, speed: 0.24755288660526276, pos: 67.01676177978516
[2025-06-27 18:34:26,513] [INFO] Safe to accelerate: v_ego = 0.25 < min(v_target, v_safe) = 5.00
[2025-06-27 18:34:26,513] [INFO] acc = 2
[2025-06-27 18:34:26,513] [INFO] VehicleControl(throttle=0.500000, steer=0.000000, brake=0.000000, hand_brake=False, reverse=False, manual_gear_shift=False, gear=0)
[2025-06-27 18:34:26,746] [INFO] tick: 263, speed: 0.447223961353302, pos: 67.0733413696289
[2025-06-27 18:34:26,746] [INFO] Safe to accelerate: v_ego = 0.45 < min(v_target, v_safe) = 5.00
[2025-06-27 18:34:26,746] [INFO] acc = 2
[2025-06-27 18:34:26,746] [INFO] VehicleControl(throttle=0.500000, steer=0.000000, brake=0.000000, hand_brake=False, reverse=False, manual_gear_shift=False, gear=0)
[2025-06-27 18:34:26,982] [INFO] tick: 264, speed: 0.6048179268836975, pos: 67.15229034423828
[2025-06-27 18:34:26,983] [INFO] mpc control with min decceleration -0.015437782293305835
[2025-06-27 18:34:26,983] [INFO] acc = -0.015437782293305835
[2025-06-27 18:34:26,983] [INFO] VehicleControl(throttle=0.000000, steer=0.000000, brake=0.003088, hand_brake=False, reverse=False, manual_gear_shift=False, gear=0)
[2025-06-27 18:34:27,231] [INFO] tick: 265, speed: 0.3476124107837677, pos: 67.2486343383789
[2025-06-27 18:34:27,231] [INFO] Safe to accelerate: v_ego = 0.35 < min(v_target, v_safe) = 5.00
[2025-06-27 18:34:27,231] [INFO] acc = 2
[2025-06-27 18:34:27,231] [INFO] VehicleControl(throttle=0.500000, steer=0.000000, brake=0.000000, hand_brake=False, reverse=False, manual_gear_shift=False, gear=0)
[2025-06-27 18:34:27,463] [INFO] tick: 266, speed: 0.05927004665136337, pos: 67.25420379638672
[2025-06-27 18:34:27,464] [INFO] Safe to accelerate: v_ego = 0.06 < min(v_target, v_safe) = 5.00
[2025-06-27 18:34:27,464] [INFO] acc = 2
[2025-06-27 18:34:27,464] [INFO] VehicleControl(throttle=0.500000, steer=0.000000, brake=0.000000, hand_brake=False, reverse=False, manual_gear_shift=False, gear=0)
[2025-06-27 18:34:27,739] [INFO] tick: 267, speed: 0.25121015310287476, pos: 67.27165985107422
[2025-06-27 18:34:27,739] [INFO] Safe to accelerate: v_ego = 0.25 < min(v_target, v_safe) = 5.00
[2025-06-27 18:34:27,739] [INFO] acc = 2
[2025-06-27 18:34:27,739] [INFO] VehicleControl(throttle=0.500000, steer=0.000000, brake=0.000000, hand_brake=False, reverse=False, manual_gear_shift=False, gear=0)
[2025-06-27 18:34:28,012] [INFO] tick: 268, speed: 0.47319528460502625, pos: 67.32569122314453
[2025-06-27 18:34:28,012] [INFO] Safe to accelerate: v_ego = 0.47 < min(v_target, v_safe) = 5.00
[2025-06-27 18:34:28,012] [INFO] acc = 2
[2025-06-27 18:34:28,012] [INFO] VehicleControl(throttle=0.500000, steer=0.000000, brake=0.000000, hand_brake=False, reverse=False, manual_gear_shift=False, gear=0)
[2025-06-27 18:34:28,279] [INFO] tick: 269, speed: 0.6483472585678101, pos: 67.41088104248047
[2025-06-27 18:34:28,279] [INFO] mpc control with min decceleration -0.01813572581458621
[2025-06-27 18:34:28,280] [INFO] acc = -0.01813572581458621
[2025-06-27 18:34:28,280] [INFO] VehicleControl(throttle=0.000000, steer=0.000000, brake=0.003627, hand_brake=False, reverse=False, manual_gear_shift=False, gear=0)
[2025-06-27 18:34:28,548] [INFO] tick: 270, speed: 0.5876595377922058, pos: 67.51995086669922
[2025-06-27 18:34:28,548] [INFO] mpc control with min decceleration -0.01504103895149683
[2025-06-27 18:34:28,548] [INFO] acc = -0.01504103895149683
[2025-06-27 18:34:28,548] [INFO] VehicleControl(throttle=0.000000, steer=0.000000, brake=0.003008, hand_brake=False, reverse=False, manual_gear_shift=False, gear=0)
[2025-06-27 18:34:28,817] [INFO] tick: 271, speed: -4.881635686615482e-05, pos: 67.52802276611328
[2025-06-27 18:34:28,817] [INFO] Safe to accelerate: v_ego = -0.00 < min(v_target, v_safe) = 5.00
[2025-06-27 18:34:28,817] [INFO] acc = 2
[2025-06-27 18:34:28,817] [INFO] VehicleControl(throttle=0.500000, steer=0.000000, brake=0.000000, hand_brake=False, reverse=False, manual_gear_shift=False, gear=0)
[2025-06-27 18:34:29,087] [INFO] tick: 272, speed: -0.018345782533288002, pos: 67.52875518798828
[2025-06-27 18:34:29,088] [INFO] Safe to accelerate: v_ego = -0.02 < min(v_target, v_safe) = 5.00
[2025-06-27 18:34:29,088] [INFO] acc = 2
[2025-06-27 18:34:29,088] [INFO] VehicleControl(throttle=0.500000, steer=0.000000, brake=0.000000, hand_brake=False, reverse=False, manual_gear_shift=False, gear=0)
[2025-06-27 18:34:29,360] [INFO] tick: 273, speed: 0.05745397508144379, pos: 67.53499603271484
[2025-06-27 18:34:29,360] [INFO] Safe to accelerate: v_ego = 0.06 < min(v_target, v_safe) = 5.00
[2025-06-27 18:34:29,360] [INFO] acc = 2
[2025-06-27 18:34:29,360] [INFO] VehicleControl(throttle=0.500000, steer=0.000000, brake=0.000000, hand_brake=False, reverse=False, manual_gear_shift=False, gear=0)
[2025-06-27 18:34:29,631] [INFO] tick: 274, speed: 0.3402743935585022, pos: 67.56725311279297
[2025-06-27 18:34:29,631] [INFO] Safe to accelerate: v_ego = 0.34 < min(v_target, v_safe) = 5.00
[2025-06-27 18:34:29,631] [INFO] acc = 2
[2025-06-27 18:34:29,631] [INFO] VehicleControl(throttle=0.500000, steer=0.000000, brake=0.000000, hand_brake=False, reverse=False, manual_gear_shift=False, gear=0)
[2025-06-27 18:34:29,902] [INFO] tick: 275, speed: 0.5114845633506775, pos: 67.63053131103516
[2025-06-27 18:34:29,902] [INFO] mpc control with min decceleration -0.011505219184074846
[2025-06-27 18:34:29,902] [INFO] acc = -0.011505219184074846
[2025-06-27 18:34:29,902] [INFO] VehicleControl(throttle=0.000000, steer=0.000000, brake=0.002301, hand_brake=False, reverse=False, manual_gear_shift=False, gear=0)
[2025-06-27 18:34:30,173] [INFO] tick: 276, speed: 0.15285757184028625, pos: 67.70378875732422
[2025-06-27 18:34:30,173] [INFO] Safe to accelerate: v_ego = 0.15 < min(v_target, v_safe) = 5.00
[2025-06-27 18:34:30,173] [INFO] acc = 2
[2025-06-27 18:34:30,173] [INFO] VehicleControl(throttle=0.500000, steer=0.000000, brake=0.000000, hand_brake=False, reverse=False, manual_gear_shift=False, gear=0)
[2025-06-27 18:34:30,444] [INFO] tick: 277, speed: -0.0037164788227528334, pos: 67.70496368408203
[2025-06-27 18:34:30,444] [INFO] Safe to accelerate: v_ego = -0.00 < min(v_target, v_safe) = 5.00
[2025-06-27 18:34:30,444] [INFO] acc = 2
[2025-06-27 18:34:30,444] [INFO] VehicleControl(throttle=0.500000, steer=0.000000, brake=0.000000, hand_brake=False, reverse=False, manual_gear_shift=False, gear=0)
[2025-06-27 18:34:30,725] [INFO] tick: 278, speed: 0.20564375817775726, pos: 67.71935272216797
[2025-06-27 18:34:30,725] [INFO] Safe to accelerate: v_ego = 0.21 < min(v_target, v_safe) = 5.00
[2025-06-27 18:34:30,725] [INFO] acc = 2
[2025-06-27 18:34:30,725] [INFO] VehicleControl(throttle=0.500000, steer=0.000000, brake=0.000000, hand_brake=False, reverse=False, manual_gear_shift=False, gear=0)
[2025-06-27 18:34:31,004] [INFO] tick: 279, speed: 0.45033758878707886, pos: 67.77249908447266
[2025-06-27 18:34:31,005] [INFO] Safe to accelerate: v_ego = 0.45 < min(v_target, v_safe) = 5.00
[2025-06-27 18:34:31,005] [INFO] acc = 2
[2025-06-27 18:34:31,005] [INFO] VehicleControl(throttle=0.500000, steer=0.000000, brake=0.000000, hand_brake=False, reverse=False, manual_gear_shift=False, gear=0)
[2025-06-27 18:34:31,282] [INFO] tick: 280, speed: 0.6534724235534668, pos: 67.85904693603516
[2025-06-27 18:34:31,282] [INFO] mpc control with min decceleration -0.019164707269347
[2025-06-27 18:34:31,282] [INFO] acc = -0.019164707269347
[2025-06-27 18:34:31,282] [INFO] VehicleControl(throttle=0.000000, steer=0.000000, brake=0.003833, hand_brake=False, reverse=False, manual_gear_shift=False, gear=0)
[2025-06-27 18:34:31,558] [INFO] tick: 281, speed: 0.290606826543808, pos: 67.95738983154297
[2025-06-27 18:34:31,558] [INFO] Safe to accelerate: v_ego = 0.29 < min(v_target, v_safe) = 5.00
[2025-06-27 18:34:31,558] [INFO] acc = 2
[2025-06-27 18:34:31,558] [INFO] VehicleControl(throttle=0.500000, steer=0.000000, brake=0.000000, hand_brake=False, reverse=False, manual_gear_shift=False, gear=0)
[2025-06-27 18:34:31,834] [INFO] tick: 282, speed: 0.05933062732219696, pos: 67.96210479736328
[2025-06-27 18:34:31,834] [INFO] Safe to accelerate: v_ego = 0.06 < min(v_target, v_safe) = 5.00
[2025-06-27 18:34:31,834] [INFO] acc = 2
[2025-06-27 18:34:31,834] [INFO] VehicleControl(throttle=0.500000, steer=0.000000, brake=0.000000, hand_brake=False, reverse=False, manual_gear_shift=False, gear=0)
[2025-06-27 18:34:32,107] [INFO] tick: 283, speed: 0.25136598944664, pos: 67.97957611083984
[2025-06-27 18:34:32,108] [INFO] Safe to accelerate: v_ego = 0.25 < min(v_target, v_safe) = 5.00
[2025-06-27 18:34:32,108] [INFO] acc = 2
[2025-06-27 18:34:32,108] [INFO] VehicleControl(throttle=0.500000, steer=0.000000, brake=0.000000, hand_brake=False, reverse=False, manual_gear_shift=False, gear=0)
[2025-06-27 18:34:32,387] [INFO] tick: 284, speed: 0.49011510610580444, pos: 68.0331039428711
[2025-06-27 18:34:32,387] [INFO] Safe to accelerate: v_ego = 0.49 < min(v_target, v_safe) = 5.00
[2025-06-27 18:34:32,387] [INFO] acc = 2
[2025-06-27 18:34:32,387] [INFO] VehicleControl(throttle=0.500000, steer=0.000000, brake=0.000000, hand_brake=False, reverse=False, manual_gear_shift=False, gear=0)
[2025-06-27 18:34:32,661] [INFO] tick: 285, speed: 0.6465160846710205, pos: 68.1178970336914
[2025-06-27 18:34:32,661] [INFO] mpc control with min decceleration -0.019205067670855423
[2025-06-27 18:34:32,661] [INFO] acc = -0.019205067670855423
[2025-06-27 18:34:32,661] [INFO] VehicleControl(throttle=0.000000, steer=0.000000, brake=0.003841, hand_brake=False, reverse=False, manual_gear_shift=False, gear=0)
[2025-06-27 18:34:32,945] [INFO] tick: 286, speed: 0.2018376886844635, pos: 68.21227264404297
[2025-06-27 18:34:32,945] [INFO] Safe to accelerate: v_ego = 0.20 < min(v_target, v_safe) = 5.00
[2025-06-27 18:34:32,945] [INFO] acc = 2
[2025-06-27 18:34:32,945] [INFO] VehicleControl(throttle=0.500000, steer=0.000000, brake=0.000000, hand_brake=False, reverse=False, manual_gear_shift=False, gear=0)
[2025-06-27 18:34:33,223] [INFO] tick: 287, speed: 0.0502447783946991, pos: 68.2143783569336
[2025-06-27 18:34:33,223] [INFO] Safe to accelerate: v_ego = 0.05 < min(v_target, v_safe) = 5.00
[2025-06-27 18:34:33,223] [INFO] acc = 2
[2025-06-27 18:34:33,223] [INFO] VehicleControl(throttle=0.500000, steer=0.000000, brake=0.000000, hand_brake=False, reverse=False, manual_gear_shift=False, gear=0)
[2025-06-27 18:34:33,502] [INFO] tick: 288, speed: 0.24348010122776031, pos: 68.23075103759766
[2025-06-27 18:34:33,502] [INFO] Safe to accelerate: v_ego = 0.24 < min(v_target, v_safe) = 5.00
[2025-06-27 18:34:33,503] [INFO] acc = 2
[2025-06-27 18:34:33,503] [INFO] VehicleControl(throttle=0.500000, steer=0.000000, brake=0.000000, hand_brake=False, reverse=False, manual_gear_shift=False, gear=0)
[2025-06-27 18:34:33,793] [INFO] tick: 289, speed: 0.4811984896659851, pos: 68.28607940673828
[2025-06-27 18:34:33,794] [INFO] Safe to accelerate: v_ego = 0.48 < min(v_target, v_safe) = 5.00
[2025-06-27 18:34:33,794] [INFO] acc = 2
[2025-06-27 18:34:33,794] [INFO] VehicleControl(throttle=0.500000, steer=0.000000, brake=0.000000, hand_brake=False, reverse=False, manual_gear_shift=False, gear=0)
[2025-06-27 18:34:34,069] [INFO] tick: 290, speed: 0.6471208930015564, pos: 68.3711166381836
[2025-06-27 18:34:34,069] [INFO] mpc control with min decceleration -0.019699409425430345
[2025-06-27 18:34:34,069] [INFO] acc = -0.019699409425430345
[2025-06-27 18:34:34,069] [INFO] VehicleControl(throttle=0.000000, steer=0.000000, brake=0.003940, hand_brake=False, reverse=False, manual_gear_shift=False, gear=0)
[2025-06-27 18:34:34,348] [INFO] tick: 291, speed: 0.2916095554828644, pos: 68.47000885009766
[2025-06-27 18:34:34,349] [INFO] Safe to accelerate: v_ego = 0.29 < min(v_target, v_safe) = 5.00
[2025-06-27 18:34:34,349] [INFO] acc = 2
[2025-06-27 18:34:34,349] [INFO] VehicleControl(throttle=0.500000, steer=0.000000, brake=0.000000, hand_brake=False, reverse=False, manual_gear_shift=False, gear=0)
[2025-06-27 18:34:34,632] [INFO] tick: 292, speed: 0.0632951408624649, pos: 68.47480010986328
[2025-06-27 18:34:34,632] [INFO] Safe to accelerate: v_ego = 0.06 < min(v_target, v_safe) = 5.00
[2025-06-27 18:34:34,632] [INFO] acc = 2
[2025-06-27 18:34:34,632] [INFO] VehicleControl(throttle=0.500000, steer=0.000000, brake=0.000000, hand_brake=False, reverse=False, manual_gear_shift=False, gear=0)
[2025-06-27 18:34:34,914] [INFO] tick: 293, speed: 0.2547398507595062, pos: 68.4928207397461
[2025-06-27 18:34:34,914] [INFO] Safe to accelerate: v_ego = 0.25 < min(v_target, v_safe) = 5.00
[2025-06-27 18:34:34,914] [INFO] acc = 2
[2025-06-27 18:34:34,914] [INFO] VehicleControl(throttle=0.500000, steer=0.000000, brake=0.000000, hand_brake=False, reverse=False, manual_gear_shift=False, gear=0)
[2025-06-27 18:34:35,201] [INFO] tick: 294, speed: 0.4688437283039093, pos: 68.54511260986328
[2025-06-27 18:34:35,201] [INFO] Safe to accelerate: v_ego = 0.47 < min(v_target, v_safe) = 5.00
[2025-06-27 18:34:35,201] [INFO] acc = 2
[2025-06-27 18:34:35,202] [INFO] VehicleControl(throttle=0.500000, steer=0.000000, brake=0.000000, hand_brake=False, reverse=False, manual_gear_shift=False, gear=0)
[2025-06-27 18:34:35,483] [INFO] tick: 295, speed: 0.6693843007087708, pos: 68.63268280029297
[2025-06-27 18:34:35,484] [INFO] mpc control with min decceleration -0.021609994823348907
[2025-06-27 18:34:35,484] [INFO] acc = -0.021609994823348907
[2025-06-27 18:34:35,484] [INFO] VehicleControl(throttle=0.000000, steer=0.000000, brake=0.004322, hand_brake=False, reverse=False, manual_gear_shift=False, gear=0)
[2025-06-27 18:34:35,755] [INFO] tick: 296, speed: 0.7612506747245789, pos: 68.74837493896484
[2025-06-27 18:34:35,756] [INFO] mpc control with min decceleration -0.028263937976586093
[2025-06-27 18:34:35,756] [INFO] acc = -0.028263937976586093
[2025-06-27 18:34:35,756] [INFO] VehicleControl(throttle=0.000000, steer=0.000000, brake=0.005653, hand_brake=False, reverse=False, manual_gear_shift=False, gear=0)
[2025-06-27 18:34:36,043] [INFO] tick: 297, speed: -1.6579720977460966e-05, pos: 68.77486419677734
[2025-06-27 18:34:36,043] [INFO] Safe to accelerate: v_ego = -0.00 < min(v_target, v_safe) = 5.00
[2025-06-27 18:34:36,043] [INFO] acc = 2
[2025-06-27 18:34:36,043] [INFO] VehicleControl(throttle=0.500000, steer=0.000000, brake=0.000000, hand_brake=False, reverse=False, manual_gear_shift=False, gear=0)
[2025-06-27 18:34:36,322] [INFO] tick: 298, speed: -0.01761242374777794, pos: 68.77567291259766
[2025-06-27 18:34:36,322] [INFO] Safe to accelerate: v_ego = -0.02 < min(v_target, v_safe) = 5.00
[2025-06-27 18:34:36,322] [INFO] acc = 2
[2025-06-27 18:34:36,322] [INFO] VehicleControl(throttle=0.500000, steer=0.000000, brake=0.000000, hand_brake=False, reverse=False, manual_gear_shift=False, gear=0)
[2025-06-27 18:34:36,613] [INFO] tick: 299, speed: 0.053302984684705734, pos: 68.7816390991211
[2025-06-27 18:34:36,614] [INFO] Safe to accelerate: v_ego = 0.05 < min(v_target, v_safe) = 5.00
[2025-06-27 18:34:36,614] [INFO] acc = 2
[2025-06-27 18:34:36,614] [INFO] VehicleControl(throttle=0.500000, steer=0.000000, brake=0.000000, hand_brake=False, reverse=False, manual_gear_shift=False, gear=0)
[2025-06-27 18:34:36,896] [INFO] tick: 300, speed: 0.3169291317462921, pos: 68.80619049072266
[2025-06-27 18:34:36,896] [INFO] Safe to accelerate: v_ego = 0.32 < min(v_target, v_safe) = 5.00
[2025-06-27 18:34:36,897] [INFO] acc = 2
[2025-06-27 18:34:36,897] [INFO] VehicleControl(throttle=0.500000, steer=0.000000, brake=0.000000, hand_brake=False, reverse=False, manual_gear_shift=False, gear=0)
[2025-06-27 18:34:37,174] [INFO] tick: 301, speed: 0.5235103964805603, pos: 68.87030792236328
[2025-06-27 18:34:37,174] [INFO] mpc control with min decceleration -0.013527713040176293
[2025-06-27 18:34:37,174] [INFO] acc = -0.013527713040176293
[2025-06-27 18:34:37,174] [INFO] VehicleControl(throttle=0.000000, steer=0.000000, brake=0.002706, hand_brake=False, reverse=False, manual_gear_shift=False, gear=0)
[2025-06-27 18:34:37,448] [INFO] tick: 302, speed: 0.1907164752483368, pos: 68.94757843017578
[2025-06-27 18:34:37,449] [INFO] Safe to accelerate: v_ego = 0.19 < min(v_target, v_safe) = 5.00
[2025-06-27 18:34:37,449] [INFO] acc = 2
[2025-06-27 18:34:37,449] [INFO] VehicleControl(throttle=0.500000, steer=0.000000, brake=0.000000, hand_brake=False, reverse=False, manual_gear_shift=False, gear=0)
[2025-06-27 18:34:37,730] [INFO] tick: 303, speed: -0.004469808656722307, pos: 68.94873809814453
[2025-06-27 18:34:37,731] [INFO] Safe to accelerate: v_ego = -0.00 < min(v_target, v_safe) = 5.00
[2025-06-27 18:34:37,731] [INFO] acc = 2
[2025-06-27 18:34:37,731] [INFO] VehicleControl(throttle=0.500000, steer=0.000000, brake=0.000000, hand_brake=False, reverse=False, manual_gear_shift=False, gear=0)
[2025-06-27 18:34:38,009] [INFO] tick: 304, speed: 0.2189578413963318, pos: 68.97057342529297
[2025-06-27 18:34:38,010] [INFO] Safe to accelerate: v_ego = 0.22 < min(v_target, v_safe) = 5.00
[2025-06-27 18:34:38,010] [INFO] acc = 2
[2025-06-27 18:34:38,010] [INFO] VehicleControl(throttle=0.500000, steer=0.000000, brake=0.000000, hand_brake=False, reverse=False, manual_gear_shift=False, gear=0)
[2025-06-27 18:34:38,288] [INFO] tick: 305, speed: 0.4160039722919464, pos: 69.0228500366211
[2025-06-27 18:34:38,288] [INFO] Safe to accelerate: v_ego = 0.42 < min(v_target, v_safe) = 5.00
[2025-06-27 18:34:38,288] [INFO] acc = 2
[2025-06-27 18:34:38,288] [INFO] VehicleControl(throttle=0.500000, steer=0.000000, brake=0.000000, hand_brake=False, reverse=False, manual_gear_shift=False, gear=0)
[2025-06-27 18:34:38,565] [INFO] tick: 306, speed: 0.630635678768158, pos: 69.10564422607422
[2025-06-27 18:34:38,565] [INFO] mpc control with min decceleration -0.020097385237724245
[2025-06-27 18:34:38,565] [INFO] acc = -0.020097385237724245
[2025-06-27 18:34:38,566] [INFO] VehicleControl(throttle=0.000000, steer=0.000000, brake=0.004019, hand_brake=False, reverse=False, manual_gear_shift=False, gear=0)
[2025-06-27 18:34:38,841] [INFO] tick: 307, speed: 0.23721756041049957, pos: 69.2009048461914
[2025-06-27 18:34:38,841] [INFO] Safe to accelerate: v_ego = 0.24 < min(v_target, v_safe) = 5.00
[2025-06-27 18:34:38,841] [INFO] acc = 2
[2025-06-27 18:34:38,841] [INFO] VehicleControl(throttle=0.500000, steer=0.000000, brake=0.000000, hand_brake=False, reverse=False, manual_gear_shift=False, gear=0)
[2025-06-27 18:34:39,115] [INFO] tick: 308, speed: 0.05035654455423355, pos: 69.20572662353516
[2025-06-27 18:34:39,115] [INFO] Safe to accelerate: v_ego = 0.05 < min(v_target, v_safe) = 5.00
[2025-06-27 18:34:39,115] [INFO] acc = 2
[2025-06-27 18:34:39,115] [INFO] VehicleControl(throttle=0.500000, steer=0.000000, brake=0.000000, hand_brake=False, reverse=False, manual_gear_shift=False, gear=0)
[2025-06-27 18:34:39,391] [INFO] tick: 309, speed: 0.24329017102718353, pos: 69.2220687866211
[2025-06-27 18:34:39,392] [INFO] Safe to accelerate: v_ego = 0.24 < min(v_target, v_safe) = 5.00
[2025-06-27 18:34:39,392] [INFO] acc = 2
[2025-06-27 18:34:39,392] [INFO] VehicleControl(throttle=0.500000, steer=0.000000, brake=0.000000, hand_brake=False, reverse=False, manual_gear_shift=False, gear=0)
[2025-06-27 18:34:39,667] [INFO] tick: 310, speed: 0.48025283217430115, pos: 69.27794647216797
[2025-06-27 18:34:39,668] [INFO] Safe to accelerate: v_ego = 0.48 < min(v_target, v_safe) = 5.00
[2025-06-27 18:34:39,668] [INFO] acc = 2
[2025-06-27 18:34:39,668] [INFO] VehicleControl(throttle=0.500000, steer=0.000000, brake=0.000000, hand_brake=False, reverse=False, manual_gear_shift=False, gear=0)
[2025-06-27 18:34:39,960] [INFO] tick: 311, speed: 0.7035716772079468, pos: 69.36804962158203
[2025-06-27 18:34:39,961] [INFO] mpc control with min decceleration -0.025696410670800626
[2025-06-27 18:34:39,961] [INFO] acc = -0.025696410670800626
[2025-06-27 18:34:39,961] [INFO] VehicleControl(throttle=0.000000, steer=0.000000, brake=0.005139, hand_brake=False, reverse=False, manual_gear_shift=False, gear=0)
[2025-06-27 18:34:40,236] [INFO] tick: 312, speed: 0.2871392071247101, pos: 69.4714126586914
[2025-06-27 18:34:40,236] [INFO] Safe to accelerate: v_ego = 0.29 < min(v_target, v_safe) = 5.00
[2025-06-27 18:34:40,236] [INFO] acc = 2
[2025-06-27 18:34:40,236] [INFO] VehicleControl(throttle=0.500000, steer=0.000000, brake=0.000000, hand_brake=False, reverse=False, manual_gear_shift=False, gear=0)
[2025-06-27 18:34:40,525] [INFO] tick: 313, speed: 0.061048753559589386, pos: 69.47611236572266
[2025-06-27 18:34:40,525] [INFO] Safe to accelerate: v_ego = 0.06 < min(v_target, v_safe) = 5.00
[2025-06-27 18:34:40,525] [INFO] acc = 2
[2025-06-27 18:34:40,525] [INFO] VehicleControl(throttle=0.500000, steer=0.000000, brake=0.000000, hand_brake=False, reverse=False, manual_gear_shift=False, gear=0)
[2025-06-27 18:34:40,809] [INFO] tick: 314, speed: 0.2531088590621948, pos: 69.49381256103516
[2025-06-27 18:34:40,809] [INFO] Safe to accelerate: v_ego = 0.25 < min(v_target, v_safe) = 5.00
[2025-06-27 18:34:40,809] [INFO] acc = 2
[2025-06-27 18:34:40,809] [INFO] VehicleControl(throttle=0.500000, steer=0.000000, brake=0.000000, hand_brake=False, reverse=False, manual_gear_shift=False, gear=0)
[2025-06-27 18:34:41,090] [INFO] tick: 315, speed: 0.4603736400604248, pos: 69.54642486572266
[2025-06-27 18:34:41,090] [INFO] Safe to accelerate: v_ego = 0.46 < min(v_target, v_safe) = 5.00
[2025-06-27 18:34:41,090] [INFO] acc = 2
[2025-06-27 18:34:41,091] [INFO] VehicleControl(throttle=0.500000, steer=0.000000, brake=0.000000, hand_brake=False, reverse=False, manual_gear_shift=False, gear=0)
[2025-06-27 18:34:41,373] [INFO] tick: 316, speed: 0.6359341144561768, pos: 69.63065338134766
[2025-06-27 18:34:41,373] [INFO] mpc control with min decceleration -0.021581664890274445
[2025-06-27 18:34:41,373] [INFO] acc = -0.021581664890274445
[2025-06-27 18:34:41,373] [INFO] VehicleControl(throttle=0.000000, steer=0.000000, brake=0.004316, hand_brake=False, reverse=False, manual_gear_shift=False, gear=0)
[2025-06-27 18:34:41,653] [INFO] tick: 317, speed: 0.2916586697101593, pos: 69.72786712646484
[2025-06-27 18:34:41,653] [INFO] Safe to accelerate: v_ego = 0.29 < min(v_target, v_safe) = 5.00
[2025-06-27 18:34:41,653] [INFO] acc = 2
[2025-06-27 18:34:41,653] [INFO] VehicleControl(throttle=0.500000, steer=0.000000, brake=0.000000, hand_brake=False, reverse=False, manual_gear_shift=False, gear=0)
[2025-06-27 18:34:41,935] [INFO] tick: 318, speed: 0.0681959018111229, pos: 69.73274993896484
[2025-06-27 18:34:41,936] [INFO] Safe to accelerate: v_ego = 0.07 < min(v_target, v_safe) = 5.00
[2025-06-27 18:34:41,936] [INFO] acc = 2
[2025-06-27 18:34:41,936] [INFO] VehicleControl(throttle=0.500000, steer=0.000000, brake=0.000000, hand_brake=False, reverse=False, manual_gear_shift=False, gear=0)
[2025-06-27 18:34:42,219] [INFO] tick: 319, speed: 0.23239600658416748, pos: 69.7519302368164
[2025-06-27 18:34:42,219] [INFO] Safe to accelerate: v_ego = 0.23 < min(v_target, v_safe) = 5.00
[2025-06-27 18:34:42,219] [INFO] acc = 2
[2025-06-27 18:34:42,219] [INFO] VehicleControl(throttle=0.500000, steer=0.000000, brake=0.000000, hand_brake=False, reverse=False, manual_gear_shift=False, gear=0)
[2025-06-27 18:34:42,495] [INFO] tick: 320, speed: 0.4637722373008728, pos: 69.80359649658203
[2025-06-27 18:34:42,495] [INFO] Safe to accelerate: v_ego = 0.46 < min(v_target, v_safe) = 5.00
[2025-06-27 18:34:42,495] [INFO] acc = 2
[2025-06-27 18:34:42,495] [INFO] VehicleControl(throttle=0.500000, steer=0.000000, brake=0.000000, hand_brake=False, reverse=False, manual_gear_shift=False, gear=0)
[2025-06-27 18:34:42,777] [INFO] tick: 321, speed: 0.6837865114212036, pos: 69.89336395263672
[2025-06-27 18:34:42,777] [INFO] mpc control with min decceleration -0.025671608636262423
[2025-06-27 18:34:42,777] [INFO] acc = -0.025671608636262423
[2025-06-27 18:34:42,777] [INFO] VehicleControl(throttle=0.000000, steer=0.000000, brake=0.005134, hand_brake=False, reverse=False, manual_gear_shift=False, gear=0)
[2025-06-27 18:34:43,063] [INFO] tick: 322, speed: 0.41978201270103455, pos: 70.00025177001953
[2025-06-27 18:34:43,063] [INFO] Safe to accelerate: v_ego = 0.42 < min(v_target, v_safe) = 5.00
[2025-06-27 18:34:43,063] [INFO] acc = 2
[2025-06-27 18:34:43,063] [INFO] VehicleControl(throttle=0.500000, steer=0.000000, brake=0.000000, hand_brake=False, reverse=False, manual_gear_shift=False, gear=0)
[2025-06-27 18:34:43,344] [INFO] tick: 323, speed: 0.0642738938331604, pos: 70.0058822631836
[2025-06-27 18:34:43,344] [INFO] Safe to accelerate: v_ego = 0.06 < min(v_target, v_safe) = 5.00
[2025-06-27 18:34:43,344] [INFO] acc = 2
[2025-06-27 18:34:43,344] [INFO] VehicleControl(throttle=0.500000, steer=0.000000, brake=0.000000, hand_brake=False, reverse=False, manual_gear_shift=False, gear=0)
[2025-06-27 18:34:43,624] [INFO] tick: 324, speed: 0.25494977831840515, pos: 70.02399444580078
[2025-06-27 18:34:43,624] [INFO] Safe to accelerate: v_ego = 0.25 < min(v_target, v_safe) = 5.00
[2025-06-27 18:34:43,624] [INFO] acc = 2
[2025-06-27 18:34:43,624] [INFO] VehicleControl(throttle=0.500000, steer=0.000000, brake=0.000000, hand_brake=False, reverse=False, manual_gear_shift=False, gear=0)
[2025-06-27 18:34:43,903] [INFO] tick: 325, speed: 0.47271406650543213, pos: 70.08063507080078
[2025-06-27 18:34:43,904] [INFO] Safe to accelerate: v_ego = 0.47 < min(v_target, v_safe) = 5.00
[2025-06-27 18:34:43,904] [INFO] acc = 2
[2025-06-27 18:34:43,904] [INFO] VehicleControl(throttle=0.500000, steer=0.000000, brake=0.000000, hand_brake=False, reverse=False, manual_gear_shift=False, gear=0)
[2025-06-27 18:34:44,184] [INFO] tick: 326, speed: 0.6478734612464905, pos: 70.1666030883789
[2025-06-27 18:34:44,185] [INFO] mpc control with min decceleration -0.023758698153555382
[2025-06-27 18:34:44,185] [INFO] acc = -0.023758698153555382
[2025-06-27 18:34:44,185] [INFO] VehicleControl(throttle=0.000000, steer=0.000000, brake=0.004752, hand_brake=False, reverse=False, manual_gear_shift=False, gear=0)
[2025-06-27 18:34:44,466] [INFO] tick: 327, speed: 0.26370227336883545, pos: 70.26476287841797
[2025-06-27 18:34:44,466] [INFO] Safe to accelerate: v_ego = 0.26 < min(v_target, v_safe) = 5.00
[2025-06-27 18:34:44,466] [INFO] acc = 2
[2025-06-27 18:34:44,466] [INFO] VehicleControl(throttle=0.500000, steer=0.000000, brake=0.000000, hand_brake=False, reverse=False, manual_gear_shift=False, gear=0)
[2025-06-27 18:34:44,747] [INFO] tick: 328, speed: 0.05860289931297302, pos: 70.27017974853516
[2025-06-27 18:34:44,748] [INFO] Safe to accelerate: v_ego = 0.06 < min(v_target, v_safe) = 5.00
[2025-06-27 18:34:44,748] [INFO] acc = 2
[2025-06-27 18:34:44,748] [INFO] VehicleControl(throttle=0.500000, steer=0.000000, brake=0.000000, hand_brake=False, reverse=False, manual_gear_shift=False, gear=0)
[2025-06-27 18:34:45,030] [INFO] tick: 329, speed: 0.2505042254924774, pos: 70.2875747680664
[2025-06-27 18:34:45,031] [INFO] Safe to accelerate: v_ego = 0.25 < min(v_target, v_safe) = 5.00
[2025-06-27 18:34:45,031] [INFO] acc = 2
[2025-06-27 18:34:45,031] [INFO] VehicleControl(throttle=0.500000, steer=0.000000, brake=0.000000, hand_brake=False, reverse=False, manual_gear_shift=False, gear=0)
[2025-06-27 18:34:45,313] [INFO] tick: 330, speed: 0.4467129707336426, pos: 70.34105682373047
[2025-06-27 18:34:45,313] [INFO] Safe to accelerate: v_ego = 0.45 < min(v_target, v_safe) = 5.00
[2025-06-27 18:34:45,313] [INFO] acc = 2
[2025-06-27 18:34:45,313] [INFO] VehicleControl(throttle=0.500000, steer=0.000000, brake=0.000000, hand_brake=False, reverse=False, manual_gear_shift=False, gear=0)
[2025-06-27 18:34:45,604] [INFO] tick: 331, speed: 0.6595734357833862, pos: 70.42633819580078
[2025-06-27 18:34:45,605] [INFO] mpc control with min decceleration -0.025370555028076083
[2025-06-27 18:34:45,605] [INFO] acc = -0.025370555028076083
[2025-06-27 18:34:45,605] [INFO] VehicleControl(throttle=0.000000, steer=0.000000, brake=0.005074, hand_brake=False, reverse=False, manual_gear_shift=False, gear=0)
[2025-06-27 18:34:45,878] [INFO] tick: 332, speed: 0.42033877968788147, pos: 70.5342788696289
[2025-06-27 18:34:45,878] [INFO] Safe to accelerate: v_ego = 0.42 < min(v_target, v_safe) = 5.00
[2025-06-27 18:34:45,878] [INFO] acc = 2
[2025-06-27 18:34:45,878] [INFO] VehicleControl(throttle=0.500000, steer=0.000000, brake=0.000000, hand_brake=False, reverse=False, manual_gear_shift=False, gear=0)
[2025-06-27 18:34:46,155] [INFO] tick: 333, speed: 0.06659165024757385, pos: 70.5399398803711
[2025-06-27 18:34:46,155] [INFO] Safe to accelerate: v_ego = 0.07 < min(v_target, v_safe) = 5.00
[2025-06-27 18:34:46,155] [INFO] acc = 2
[2025-06-27 18:34:46,155] [INFO] VehicleControl(throttle=0.500000, steer=0.000000, brake=0.000000, hand_brake=False, reverse=False, manual_gear_shift=False, gear=0)
[2025-06-27 18:34:46,430] [INFO] tick: 334, speed: 0.2539314031600952, pos: 70.5584945678711
[2025-06-27 18:34:46,431] [INFO] Safe to accelerate: v_ego = 0.25 < min(v_target, v_safe) = 5.00
[2025-06-27 18:34:46,431] [INFO] acc = 2
[2025-06-27 18:34:46,431] [INFO] VehicleControl(throttle=0.500000, steer=0.000000, brake=0.000000, hand_brake=False, reverse=False, manual_gear_shift=False, gear=0)
[2025-06-27 18:34:46,706] [INFO] tick: 335, speed: 0.484011709690094, pos: 70.61432647705078
[2025-06-27 18:34:46,706] [INFO] Safe to accelerate: v_ego = 0.48 < min(v_target, v_safe) = 5.00
[2025-06-27 18:34:46,706] [INFO] acc = 2
[2025-06-27 18:34:46,706] [INFO] VehicleControl(throttle=0.500000, steer=0.000000, brake=0.000000, hand_brake=False, reverse=False, manual_gear_shift=False, gear=0)
[2025-06-27 18:34:46,986] [INFO] tick: 336, speed: 0.6554954648017883, pos: 70.70052337646484
[2025-06-27 18:34:46,986] [INFO] mpc control with min decceleration -0.02588562651994633
[2025-06-27 18:34:46,986] [INFO] acc = -0.02588562651994633
[2025-06-27 18:34:46,986] [INFO] VehicleControl(throttle=0.000000, steer=0.000000, brake=0.005177, hand_brake=False, reverse=False, manual_gear_shift=False, gear=0)
[2025-06-27 18:34:47,262] [INFO] tick: 337, speed: 0.5854696035385132, pos: 70.81372833251953
[2025-06-27 18:34:47,262] [INFO] mpc control with min decceleration -0.020935944382911086
[2025-06-27 18:34:47,262] [INFO] acc = -0.020935944382911086
[2025-06-27 18:34:47,262] [INFO] VehicleControl(throttle=0.000000, steer=0.000000, brake=0.004187, hand_brake=False, reverse=False, manual_gear_shift=False, gear=0)
[2025-06-27 18:34:47,542] [INFO] tick: 338, speed: -4.988512955605984e-05, pos: 70.8217544555664
[2025-06-27 18:34:47,543] [INFO] Safe to accelerate: v_ego = -0.00 < min(v_target, v_safe) = 5.00
[2025-06-27 18:34:47,543] [INFO] acc = 2
[2025-06-27 18:34:47,543] [INFO] VehicleControl(throttle=0.500000, steer=0.000000, brake=0.000000, hand_brake=False, reverse=False, manual_gear_shift=False, gear=0)
[2025-06-27 18:34:47,832] [INFO] tick: 339, speed: -0.018619904294610023, pos: 70.8224868774414
[2025-06-27 18:34:47,833] [INFO] Safe to accelerate: v_ego = -0.02 < min(v_target, v_safe) = 5.00
[2025-06-27 18:34:47,833] [INFO] acc = 2
[2025-06-27 18:34:47,833] [INFO] VehicleControl(throttle=0.500000, steer=0.000000, brake=0.000000, hand_brake=False, reverse=False, manual_gear_shift=False, gear=0)
[2025-06-27 18:34:48,109] [INFO] tick: 340, speed: 0.061105336993932724, pos: 70.82884979248047
[2025-06-27 18:34:48,109] [INFO] Safe to accelerate: v_ego = 0.06 < min(v_target, v_safe) = 5.00
[2025-06-27 18:34:48,109] [INFO] acc = 2
[2025-06-27 18:34:48,109] [INFO] VehicleControl(throttle=0.500000, steer=0.000000, brake=0.000000, hand_brake=False, reverse=False, manual_gear_shift=False, gear=0)
[2025-06-27 18:34:48,388] [INFO] tick: 341, speed: 0.28265488147735596, pos: 70.85611724853516
[2025-06-27 18:34:48,389] [INFO] Safe to accelerate: v_ego = 0.28 < min(v_target, v_safe) = 5.00
[2025-06-27 18:34:48,389] [INFO] acc = 2
[2025-06-27 18:34:48,389] [INFO] VehicleControl(throttle=0.500000, steer=0.000000, brake=0.000000, hand_brake=False, reverse=False, manual_gear_shift=False, gear=0)
[2025-06-27 18:34:48,676] [INFO] tick: 342, speed: 0.52225261926651, pos: 70.9185562133789
[2025-06-27 18:34:48,677] [INFO] mpc control with min decceleration -0.016874942493708044
[2025-06-27 18:34:48,677] [INFO] acc = -0.016874942493708044
[2025-06-27 18:34:48,677] [INFO] VehicleControl(throttle=0.000000, steer=0.000000, brake=0.003375, hand_brake=False, reverse=False, manual_gear_shift=False, gear=0)
[2025-06-27 18:34:48,971] [INFO] tick: 343, speed: 0.3056928515434265, pos: 71.00605010986328
[2025-06-27 18:34:48,972] [INFO] Safe to accelerate: v_ego = 0.31 < min(v_target, v_safe) = 5.00
[2025-06-27 18:34:48,972] [INFO] acc = 2
[2025-06-27 18:34:48,972] [INFO] VehicleControl(throttle=0.500000, steer=0.000000, brake=0.000000, hand_brake=False, reverse=False, manual_gear_shift=False, gear=0)
[2025-06-27 18:34:49,253] [INFO] tick: 344, speed: 0.00850108452141285, pos: 71.01006317138672
[2025-06-27 18:34:49,253] [INFO] Safe to accelerate: v_ego = 0.01 < min(v_target, v_safe) = 5.00
[2025-06-27 18:34:49,253] [INFO] acc = 2
[2025-06-27 18:34:49,253] [INFO] VehicleControl(throttle=0.500000, steer=0.000000, brake=0.000000, hand_brake=False, reverse=False, manual_gear_shift=False, gear=0)
[2025-06-27 18:34:49,529] [INFO] tick: 345, speed: 0.21414820849895477, pos: 71.0245590209961
[2025-06-27 18:34:49,530] [INFO] Safe to accelerate: v_ego = 0.21 < min(v_target, v_safe) = 5.00
[2025-06-27 18:34:49,530] [INFO] acc = 2
[2025-06-27 18:34:49,530] [INFO] VehicleControl(throttle=0.500000, steer=0.000000, brake=0.000000, hand_brake=False, reverse=False, manual_gear_shift=False, gear=0)
[2025-06-27 18:34:49,812] [INFO] tick: 346, speed: 0.45087289810180664, pos: 71.07621002197266
[2025-06-27 18:34:49,812] [INFO] Safe to accelerate: v_ego = 0.45 < min(v_target, v_safe) = 5.00
[2025-06-27 18:34:49,812] [INFO] acc = 2
[2025-06-27 18:34:49,812] [INFO] VehicleControl(throttle=0.500000, steer=0.000000, brake=0.000000, hand_brake=False, reverse=False, manual_gear_shift=False, gear=0)
[2025-06-27 18:34:50,098] [INFO] tick: 347, speed: 0.6353976130485535, pos: 71.16068267822266
[2025-06-27 18:34:50,099] [INFO] mpc control with min decceleration -0.025750337057172785
[2025-06-27 18:34:50,099] [INFO] acc = -0.025750337057172785
[2025-06-27 18:34:50,099] [INFO] VehicleControl(throttle=0.000000, steer=0.000000, brake=0.005150, hand_brake=False, reverse=False, manual_gear_shift=False, gear=0)
[2025-06-27 18:34:50,387] [INFO] tick: 348, speed: 0.2780763506889343, pos: 71.25847625732422
[2025-06-27 18:34:50,387] [INFO] Safe to accelerate: v_ego = 0.28 < min(v_target, v_safe) = 5.00
[2025-06-27 18:34:50,387] [INFO] acc = 2
[2025-06-27 18:34:50,387] [INFO] VehicleControl(throttle=0.500000, steer=0.000000, brake=0.000000, hand_brake=False, reverse=False, manual_gear_shift=False, gear=0)
[2025-06-27 18:34:50,659] [INFO] tick: 349, speed: 0.05952908471226692, pos: 71.26305389404297
[2025-06-27 18:34:50,659] [INFO] Safe to accelerate: v_ego = 0.06 < min(v_target, v_safe) = 5.00
[2025-06-27 18:34:50,659] [INFO] acc = 2
[2025-06-27 18:34:50,659] [INFO] VehicleControl(throttle=0.500000, steer=0.000000, brake=0.000000, hand_brake=False, reverse=False, manual_gear_shift=False, gear=0)
[2025-06-27 18:34:50,939] [INFO] tick: 350, speed: 0.25159767270088196, pos: 71.28055572509766
[2025-06-27 18:34:50,939] [INFO] Safe to accelerate: v_ego = 0.25 < min(v_target, v_safe) = 5.00
[2025-06-27 18:34:50,939] [INFO] acc = 2
[2025-06-27 18:34:50,939] [INFO] VehicleControl(throttle=0.500000, steer=0.000000, brake=0.000000, hand_brake=False, reverse=False, manual_gear_shift=False, gear=0)
[2025-06-27 18:34:51,223] [INFO] tick: 351, speed: 0.4605051279067993, pos: 71.33422088623047
[2025-06-27 18:34:51,224] [INFO] Safe to accelerate: v_ego = 0.46 < min(v_target, v_safe) = 5.00
[2025-06-27 18:34:51,224] [INFO] acc = 2
[2025-06-27 18:34:51,224] [INFO] VehicleControl(throttle=0.500000, steer=0.000000, brake=0.000000, hand_brake=False, reverse=False, manual_gear_shift=False, gear=0)
[2025-06-27 18:34:51,506] [INFO] tick: 352, speed: 0.6798359751701355, pos: 71.42174530029297
[2025-06-27 18:34:51,506] [INFO] mpc control with min decceleration -0.030493627586401686
[2025-06-27 18:34:51,506] [INFO] acc = -0.030493627586401686
[2025-06-27 18:34:51,506] [INFO] VehicleControl(throttle=0.000000, steer=0.000000, brake=0.006099, hand_brake=False, reverse=False, manual_gear_shift=False, gear=0)
[2025-06-27 18:34:51,791] [INFO] tick: 353, speed: 0.4492124021053314, pos: 71.5327377319336
[2025-06-27 18:34:51,792] [INFO] Safe to accelerate: v_ego = 0.45 < min(v_target, v_safe) = 5.00
[2025-06-27 18:34:51,792] [INFO] acc = 2
[2025-06-27 18:34:51,792] [INFO] VehicleControl(throttle=0.500000, steer=0.000000, brake=0.000000, hand_brake=False, reverse=False, manual_gear_shift=False, gear=0)
[2025-06-27 18:34:52,076] [INFO] tick: 354, speed: 0.07128877192735672, pos: 71.54146575927734
[2025-06-27 18:34:52,076] [INFO] Safe to accelerate: v_ego = 0.07 < min(v_target, v_safe) = 5.00
[2025-06-27 18:34:52,076] [INFO] acc = 2
[2025-06-27 18:34:52,076] [INFO] VehicleControl(throttle=0.500000, steer=0.000000, brake=0.000000, hand_brake=False, reverse=False, manual_gear_shift=False, gear=0)
[2025-06-27 18:34:52,354] [INFO] tick: 355, speed: 0.24691419303417206, pos: 71.56087493896484
[2025-06-27 18:34:52,354] [INFO] Safe to accelerate: v_ego = 0.25 < min(v_target, v_safe) = 5.00
[2025-06-27 18:34:52,355] [INFO] acc = 2
[2025-06-27 18:34:52,355] [INFO] VehicleControl(throttle=0.500000, steer=0.000000, brake=0.000000, hand_brake=False, reverse=False, manual_gear_shift=False, gear=0)
[2025-06-27 18:34:52,636] [INFO] tick: 356, speed: 0.45655253529548645, pos: 71.61478424072266
[2025-06-27 18:34:52,636] [INFO] Safe to accelerate: v_ego = 0.46 < min(v_target, v_safe) = 5.00
[2025-06-27 18:34:52,636] [INFO] acc = 2
[2025-06-27 18:34:52,636] [INFO] VehicleControl(throttle=0.500000, steer=0.000000, brake=0.000000, hand_brake=False, reverse=False, manual_gear_shift=False, gear=0)
[2025-06-27 18:34:52,915] [INFO] tick: 357, speed: 0.6597646474838257, pos: 71.70003509521484
[2025-06-27 18:34:52,915] [INFO] mpc control with min decceleration -0.029814485120614954
[2025-06-27 18:34:52,915] [INFO] acc = -0.029814485120614954
[2025-06-27 18:34:52,916] [INFO] VehicleControl(throttle=0.000000, steer=0.000000, brake=0.005963, hand_brake=False, reverse=False, manual_gear_shift=False, gear=0)
[2025-06-27 18:34:53,190] [INFO] tick: 358, speed: 0.29006555676460266, pos: 71.79932403564453
[2025-06-27 18:34:53,190] [INFO] Safe to accelerate: v_ego = 0.29 < min(v_target, v_safe) = 5.00
[2025-06-27 18:34:53,190] [INFO] acc = 2
[2025-06-27 18:34:53,190] [INFO] VehicleControl(throttle=0.500000, steer=0.000000, brake=0.000000, hand_brake=False, reverse=False, manual_gear_shift=False, gear=0)
[2025-06-27 18:34:53,470] [INFO] tick: 359, speed: 0.07083119451999664, pos: 71.8042221069336
[2025-06-27 18:34:53,470] [INFO] Safe to accelerate: v_ego = 0.07 < min(v_target, v_safe) = 5.00
[2025-06-27 18:34:53,470] [INFO] acc = 2
[2025-06-27 18:34:53,470] [INFO] VehicleControl(throttle=0.500000, steer=0.000000, brake=0.000000, hand_brake=False, reverse=False, manual_gear_shift=False, gear=0)
[2025-06-27 18:34:53,749] [INFO] tick: 360, speed: 0.25284716486930847, pos: 71.82366180419922
[2025-06-27 18:34:53,749] [INFO] Safe to accelerate: v_ego = 0.25 < min(v_target, v_safe) = 5.00
[2025-06-27 18:34:53,749] [INFO] acc = 2
[2025-06-27 18:34:53,749] [INFO] VehicleControl(throttle=0.500000, steer=0.000000, brake=0.000000, hand_brake=False, reverse=False, manual_gear_shift=False, gear=0)
[2025-06-27 18:34:54,025] [INFO] tick: 361, speed: 0.5032548308372498, pos: 71.87810516357422
[2025-06-27 18:34:54,026] [INFO] mpc control with min decceleration -0.017780761340765144
[2025-06-27 18:34:54,026] [INFO] acc = -0.017780761340765144
[2025-06-27 18:34:54,026] [INFO] VehicleControl(throttle=0.000000, steer=0.000000, brake=0.003556, hand_brake=False, reverse=False, manual_gear_shift=False, gear=0)
[2025-06-27 18:34:54,305] [INFO] tick: 362, speed: 0.19332636892795563, pos: 71.94916534423828
[2025-06-27 18:34:54,305] [INFO] Safe to accelerate: v_ego = 0.19 < min(v_target, v_safe) = 5.00
[2025-06-27 18:34:54,305] [INFO] acc = 2
[2025-06-27 18:34:54,305] [INFO] VehicleControl(throttle=0.500000, steer=0.000000, brake=0.000000, hand_brake=False, reverse=False, manual_gear_shift=False, gear=0)
[2025-06-27 18:34:54,584] [INFO] tick: 363, speed: -0.006745153572410345, pos: 71.95026397705078
[2025-06-27 18:34:54,585] [INFO] Safe to accelerate: v_ego = -0.01 < min(v_target, v_safe) = 5.00
[2025-06-27 18:34:54,585] [INFO] acc = 2
[2025-06-27 18:34:54,585] [INFO] VehicleControl(throttle=0.500000, steer=0.000000, brake=0.000000, hand_brake=False, reverse=False, manual_gear_shift=False, gear=0)
[2025-06-27 18:34:54,864] [INFO] tick: 364, speed: 0.21697290241718292, pos: 71.96724700927734
[2025-06-27 18:34:54,864] [INFO] Safe to accelerate: v_ego = 0.22 < min(v_target, v_safe) = 5.00
[2025-06-27 18:34:54,864] [INFO] acc = 2
[2025-06-27 18:34:54,864] [INFO] VehicleControl(throttle=0.500000, steer=0.000000, brake=0.000000, hand_brake=False, reverse=False, manual_gear_shift=False, gear=0)
[2025-06-27 18:34:55,142] [INFO] tick: 365, speed: 0.39777031540870667, pos: 72.0111312866211
[2025-06-27 18:34:55,142] [INFO] Safe to accelerate: v_ego = 0.40 < min(v_target, v_safe) = 5.00
[2025-06-27 18:34:55,142] [INFO] acc = 2
[2025-06-27 18:34:55,142] [INFO] VehicleControl(throttle=0.500000, steer=0.000000, brake=0.000000, hand_brake=False, reverse=False, manual_gear_shift=False, gear=0)
[2025-06-27 18:34:55,416] [INFO] tick: 366, speed: 0.6883776783943176, pos: 72.0904769897461
[2025-06-27 18:34:55,416] [INFO] mpc control with min decceleration -0.0342906324653905
[2025-06-27 18:34:55,416] [INFO] acc = -0.0342906324653905
[2025-06-27 18:34:55,416] [INFO] VehicleControl(throttle=0.000000, steer=0.000000, brake=0.006858, hand_brake=False, reverse=False, manual_gear_shift=False, gear=0)
[2025-06-27 18:34:55,700] [INFO] tick: 367, speed: 0.314982146024704, pos: 72.19168853759766
[2025-06-27 18:34:55,700] [INFO] Safe to accelerate: v_ego = 0.31 < min(v_target, v_safe) = 5.00
[2025-06-27 18:34:55,700] [INFO] acc = 2
[2025-06-27 18:34:55,700] [INFO] VehicleControl(throttle=0.500000, steer=0.000000, brake=0.000000, hand_brake=False, reverse=False, manual_gear_shift=False, gear=0)
[2025-06-27 18:34:55,978] [INFO] tick: 368, speed: 0.050425607711076736, pos: 72.19658660888672
[2025-06-27 18:34:55,978] [INFO] Safe to accelerate: v_ego = 0.05 < min(v_target, v_safe) = 5.00
[2025-06-27 18:34:55,978] [INFO] acc = 2
[2025-06-27 18:34:55,978] [INFO] VehicleControl(throttle=0.500000, steer=0.000000, brake=0.000000, hand_brake=False, reverse=False, manual_gear_shift=False, gear=0)
[2025-06-27 18:34:56,255] [INFO] tick: 369, speed: 0.24316461384296417, pos: 72.21292877197266
[2025-06-27 18:34:56,255] [INFO] Safe to accelerate: v_ego = 0.24 < min(v_target, v_safe) = 5.00
[2025-06-27 18:34:56,255] [INFO] acc = 2
[2025-06-27 18:34:56,255] [INFO] VehicleControl(throttle=0.500000, steer=0.000000, brake=0.000000, hand_brake=False, reverse=False, manual_gear_shift=False, gear=0)
[2025-06-27 18:34:56,545] [INFO] tick: 370, speed: 0.4807007610797882, pos: 72.26900482177734
[2025-06-27 18:34:56,545] [INFO] Safe to accelerate: v_ego = 0.48 < min(v_target, v_safe) = 5.00
[2025-06-27 18:34:56,545] [INFO] acc = 2
[2025-06-27 18:34:56,545] [INFO] VehicleControl(throttle=0.500000, steer=0.000000, brake=0.000000, hand_brake=False, reverse=False, manual_gear_shift=False, gear=0)
[2025-06-27 18:34:56,822] [INFO] tick: 371, speed: 0.6518198847770691, pos: 72.35550689697266
[2025-06-27 18:34:56,822] [INFO] mpc control with min decceleration -0.03197152556281638
[2025-06-27 18:34:56,822] [INFO] acc = -0.03197152556281638
[2025-06-27 18:34:56,822] [INFO] VehicleControl(throttle=0.000000, steer=0.000000, brake=0.006394, hand_brake=False, reverse=False, manual_gear_shift=False, gear=0)
[2025-06-27 18:34:57,102] [INFO] tick: 372, speed: 0.25880059599876404, pos: 72.45404815673828
[2025-06-27 18:34:57,102] [INFO] Safe to accelerate: v_ego = 0.26 < min(v_target, v_safe) = 5.00
[2025-06-27 18:34:57,102] [INFO] acc = 2
[2025-06-27 18:34:57,102] [INFO] VehicleControl(throttle=0.500000, steer=0.000000, brake=0.000000, hand_brake=False, reverse=False, manual_gear_shift=False, gear=0)
[2025-06-27 18:34:57,385] [INFO] tick: 373, speed: 0.05529700592160225, pos: 72.45929718017578
[2025-06-27 18:34:57,385] [INFO] Safe to accelerate: v_ego = 0.06 < min(v_target, v_safe) = 5.00
[2025-06-27 18:34:57,385] [INFO] acc = 2
[2025-06-27 18:34:57,385] [INFO] VehicleControl(throttle=0.500000, steer=0.000000, brake=0.000000, hand_brake=False, reverse=False, manual_gear_shift=False, gear=0)
[2025-06-27 18:34:57,663] [INFO] tick: 374, speed: 0.24656528234481812, pos: 72.47618865966797
[2025-06-27 18:34:57,664] [INFO] Safe to accelerate: v_ego = 0.25 < min(v_target, v_safe) = 5.00
[2025-06-27 18:34:57,664] [INFO] acc = 2
[2025-06-27 18:34:57,664] [INFO] VehicleControl(throttle=0.500000, steer=0.000000, brake=0.000000, hand_brake=False, reverse=False, manual_gear_shift=False, gear=0)
[2025-06-27 18:34:57,950] [INFO] tick: 375, speed: 0.4406096935272217, pos: 72.52994537353516
[2025-06-27 18:34:57,951] [INFO] Safe to accelerate: v_ego = 0.44 < min(v_target, v_safe) = 5.00
[2025-06-27 18:34:57,951] [INFO] acc = 2
[2025-06-27 18:34:57,951] [INFO] VehicleControl(throttle=0.500000, steer=0.000000, brake=0.000000, hand_brake=False, reverse=False, manual_gear_shift=False, gear=0)
[2025-06-27 18:34:58,230] [INFO] tick: 376, speed: 0.6630391478538513, pos: 72.61527252197266
[2025-06-27 18:34:58,231] [INFO] mpc control with min decceleration -0.03442753924107883
[2025-06-27 18:34:58,231] [INFO] acc = -0.03442753924107883
[2025-06-27 18:34:58,231] [INFO] VehicleControl(throttle=0.000000, steer=0.000000, brake=0.006886, hand_brake=False, reverse=False, manual_gear_shift=False, gear=0)
[2025-06-27 18:34:58,508] [INFO] tick: 377, speed: 0.3341689705848694, pos: 72.71723175048828
[2025-06-27 18:34:58,509] [INFO] Safe to accelerate: v_ego = 0.33 < min(v_target, v_safe) = 5.00
[2025-06-27 18:34:58,509] [INFO] acc = 2
[2025-06-27 18:34:58,509] [INFO] VehicleControl(throttle=0.500000, steer=0.000000, brake=0.000000, hand_brake=False, reverse=False, manual_gear_shift=False, gear=0)
[2025-06-27 18:34:58,790] [INFO] tick: 378, speed: 0.060651812702417374, pos: 72.7226333618164
[2025-06-27 18:34:58,791] [INFO] Safe to accelerate: v_ego = 0.06 < min(v_target, v_safe) = 5.00
[2025-06-27 18:34:58,791] [INFO] acc = 2
[2025-06-27 18:34:58,791] [INFO] VehicleControl(throttle=0.500000, steer=0.000000, brake=0.000000, hand_brake=False, reverse=False, manual_gear_shift=False, gear=0)
[2025-06-27 18:34:59,071] [INFO] tick: 379, speed: 0.2526550889015198, pos: 72.74031829833984
[2025-06-27 18:34:59,072] [INFO] Safe to accelerate: v_ego = 0.25 < min(v_target, v_safe) = 5.00
[2025-06-27 18:34:59,072] [INFO] acc = 2
[2025-06-27 18:34:59,072] [INFO] VehicleControl(throttle=0.500000, steer=0.000000, brake=0.000000, hand_brake=False, reverse=False, manual_gear_shift=False, gear=0)
[2025-06-27 18:34:59,344] [INFO] tick: 380, speed: 0.44109848141670227, pos: 72.7950668334961
[2025-06-27 18:34:59,344] [INFO] Safe to accelerate: v_ego = 0.44 < min(v_target, v_safe) = 4.98
[2025-06-27 18:34:59,344] [INFO] acc = 2
[2025-06-27 18:34:59,344] [INFO] VehicleControl(throttle=0.500000, steer=0.000000, brake=0.000000, hand_brake=False, reverse=False, manual_gear_shift=False, gear=0)
[2025-06-27 18:34:59,619] [INFO] tick: 381, speed: 0.6566612124443054, pos: 72.8803939819336
[2025-06-27 18:34:59,619] [INFO] mpc control with min decceleration -0.03523134877113147
[2025-06-27 18:34:59,619] [INFO] acc = -0.03523134877113147
[2025-06-27 18:34:59,619] [INFO] VehicleControl(throttle=0.000000, steer=0.000000, brake=0.007046, hand_brake=False, reverse=False, manual_gear_shift=False, gear=0)
[2025-06-27 18:34:59,914] [INFO] tick: 382, speed: 0.270654559135437, pos: 72.9799575805664
[2025-06-27 18:34:59,914] [INFO] Safe to accelerate: v_ego = 0.27 < min(v_target, v_safe) = 4.91
[2025-06-27 18:34:59,914] [INFO] acc = 2
[2025-06-27 18:34:59,914] [INFO] VehicleControl(throttle=0.500000, steer=0.000000, brake=0.000000, hand_brake=False, reverse=False, manual_gear_shift=False, gear=0)
[2025-06-27 18:35:00,204] [INFO] tick: 383, speed: 0.056060366332530975, pos: 72.98542022705078
[2025-06-27 18:35:00,204] [INFO] Safe to accelerate: v_ego = 0.06 < min(v_target, v_safe) = 4.90
[2025-06-27 18:35:00,204] [INFO] acc = 2
[2025-06-27 18:35:00,204] [INFO] VehicleControl(throttle=0.500000, steer=0.000000, brake=0.000000, hand_brake=False, reverse=False, manual_gear_shift=False, gear=0)
[2025-06-27 18:35:00,484] [INFO] tick: 384, speed: 0.24716295301914215, pos: 73.00244903564453
[2025-06-27 18:35:00,484] [INFO] Safe to accelerate: v_ego = 0.25 < min(v_target, v_safe) = 4.90
[2025-06-27 18:35:00,484] [INFO] acc = 2
[2025-06-27 18:35:00,484] [INFO] VehicleControl(throttle=0.500000, steer=0.000000, brake=0.000000, hand_brake=False, reverse=False, manual_gear_shift=False, gear=0)
[2025-06-27 18:35:00,765] [INFO] tick: 385, speed: 0.44316568970680237, pos: 73.05602264404297
[2025-06-27 18:35:00,766] [INFO] Safe to accelerate: v_ego = 0.44 < min(v_target, v_safe) = 4.88
[2025-06-27 18:35:00,766] [INFO] acc = 2
[2025-06-27 18:35:00,766] [INFO] VehicleControl(throttle=0.500000, steer=0.000000, brake=0.000000, hand_brake=False, reverse=False, manual_gear_shift=False, gear=0)
[2025-06-27 18:35:01,051] [INFO] tick: 386, speed: 0.6920714378356934, pos: 73.14301300048828
[2025-06-27 18:35:01,052] [INFO] mpc control with min decceleration -0.04088816272836988
[2025-06-27 18:35:01,052] [INFO] acc = -0.04088816272836988
[2025-06-27 18:35:01,052] [INFO] VehicleControl(throttle=0.000000, steer=0.000000, brake=0.008178, hand_brake=False, reverse=False, manual_gear_shift=False, gear=0)
[2025-06-27 18:35:01,338] [INFO] tick: 387, speed: 0.614829421043396, pos: 73.2612075805664
[2025-06-27 18:35:01,338] [INFO] mpc control with min decceleration -0.03293508366851391
[2025-06-27 18:35:01,338] [INFO] acc = -0.03293508366851391
[2025-06-27 18:35:01,338] [INFO] VehicleControl(throttle=0.000000, steer=0.000000, brake=0.006587, hand_brake=False, reverse=False, manual_gear_shift=False, gear=0)
[2025-06-27 18:35:01,622] [INFO] tick: 388, speed: -5.021534161642194e-05, pos: 73.27005767822266
[2025-06-27 18:35:01,622] [INFO] Safe to accelerate: v_ego = -0.00 < min(v_target, v_safe) = 4.79
[2025-06-27 18:35:01,623] [INFO] acc = 2
[2025-06-27 18:35:01,623] [INFO] VehicleControl(throttle=0.500000, steer=0.000000, brake=0.000000, hand_brake=False, reverse=False, manual_gear_shift=False, gear=0)
[2025-06-27 18:35:01,912] [INFO] tick: 389, speed: -0.019001590088009834, pos: 73.27080535888672
[2025-06-27 18:35:01,913] [INFO] Safe to accelerate: v_ego = -0.02 < min(v_target, v_safe) = 4.79
[2025-06-27 18:35:01,913] [INFO] acc = 2
[2025-06-27 18:35:01,913] [INFO] VehicleControl(throttle=0.500000, steer=0.000000, brake=0.000000, hand_brake=False, reverse=False, manual_gear_shift=False, gear=0)
[2025-06-27 18:35:02,216] [INFO] tick: 390, speed: 0.057849299162626266, pos: 73.27696990966797
[2025-06-27 18:35:02,217] [INFO] Safe to accelerate: v_ego = 0.06 < min(v_target, v_safe) = 4.78
[2025-06-27 18:35:02,217] [INFO] acc = 2
[2025-06-27 18:35:02,217] [INFO] VehicleControl(throttle=0.500000, steer=0.000000, brake=0.000000, hand_brake=False, reverse=False, manual_gear_shift=False, gear=0)
[2025-06-27 18:35:02,499] [INFO] tick: 391, speed: 0.34880220890045166, pos: 73.3119888305664
[2025-06-27 18:35:02,499] [INFO] Safe to accelerate: v_ego = 0.35 < min(v_target, v_safe) = 4.77
[2025-06-27 18:35:02,499] [INFO] acc = 2
[2025-06-27 18:35:02,499] [INFO] VehicleControl(throttle=0.500000, steer=0.000000, brake=0.000000, hand_brake=False, reverse=False, manual_gear_shift=False, gear=0)
[2025-06-27 18:35:02,782] [INFO] tick: 392, speed: 0.5333107113838196, pos: 73.3810043334961
[2025-06-27 18:35:02,782] [INFO] mpc control with min decceleration -0.025308821340814427
[2025-06-27 18:35:02,782] [INFO] acc = -0.025308821340814427
[2025-06-27 18:35:02,782] [INFO] VehicleControl(throttle=0.000000, steer=0.000000, brake=0.005062, hand_brake=False, reverse=False, manual_gear_shift=False, gear=0)
[2025-06-27 18:35:03,063] [INFO] tick: 393, speed: 0.1451258361339569, pos: 73.46080780029297
[2025-06-27 18:35:03,063] [INFO] Safe to accelerate: v_ego = 0.15 < min(v_target, v_safe) = 4.71
[2025-06-27 18:35:03,063] [INFO] acc = 2
[2025-06-27 18:35:03,063] [INFO] VehicleControl(throttle=0.500000, steer=0.000000, brake=0.000000, hand_brake=False, reverse=False, manual_gear_shift=False, gear=0)
[2025-06-27 18:35:03,341] [INFO] tick: 394, speed: -0.0036996970884501934, pos: 73.46195220947266
[2025-06-27 18:35:03,341] [INFO] Safe to accelerate: v_ego = -0.00 < min(v_target, v_safe) = 4.71
[2025-06-27 18:35:03,341] [INFO] acc = 2
[2025-06-27 18:35:03,341] [INFO] VehicleControl(throttle=0.500000, steer=0.000000, brake=0.000000, hand_brake=False, reverse=False, manual_gear_shift=False, gear=0)
[2025-06-27 18:35:03,627] [INFO] tick: 395, speed: 0.2057623565196991, pos: 73.47631072998047
[2025-06-27 18:35:03,627] [INFO] Safe to accelerate: v_ego = 0.21 < min(v_target, v_safe) = 4.70
[2025-06-27 18:35:03,627] [INFO] acc = 2
[2025-06-27 18:35:03,627] [INFO] VehicleControl(throttle=0.500000, steer=0.000000, brake=0.000000, hand_brake=False, reverse=False, manual_gear_shift=False, gear=0)
[2025-06-27 18:35:03,910] [INFO] tick: 396, speed: 0.4569811522960663, pos: 73.53050994873047
[2025-06-27 18:35:03,910] [INFO] Safe to accelerate: v_ego = 0.46 < min(v_target, v_safe) = 4.68
[2025-06-27 18:35:03,910] [INFO] acc = 2
[2025-06-27 18:35:03,910] [INFO] VehicleControl(throttle=0.500000, steer=0.000000, brake=0.000000, hand_brake=False, reverse=False, manual_gear_shift=False, gear=0)
[2025-06-27 18:35:04,205] [INFO] tick: 397, speed: 0.6271787881851196, pos: 73.61385345458984
[2025-06-27 18:35:04,205] [INFO] mpc control with min decceleration -0.036515273863515094
[2025-06-27 18:35:04,205] [INFO] acc = -0.036515273863515094
[2025-06-27 18:35:04,205] [INFO] VehicleControl(throttle=0.000000, steer=0.000000, brake=0.007303, hand_brake=False, reverse=False, manual_gear_shift=False, gear=0)
[2025-06-27 18:35:04,490] [INFO] tick: 398, speed: 0.2705264985561371, pos: 73.70984649658203
[2025-06-27 18:35:04,490] [INFO] Safe to accelerate: v_ego = 0.27 < min(v_target, v_safe) = 4.60
[2025-06-27 18:35:04,490] [INFO] acc = 2
[2025-06-27 18:35:04,490] [INFO] VehicleControl(throttle=0.500000, steer=0.000000, brake=0.000000, hand_brake=False, reverse=False, manual_gear_shift=False, gear=0)
[2025-06-27 18:35:04,775] [INFO] tick: 399, speed: 0.046677399426698685, pos: 73.71514129638672
[2025-06-27 18:35:04,775] [INFO] Safe to accelerate: v_ego = 0.05 < min(v_target, v_safe) = 4.60
[2025-06-27 18:35:04,775] [INFO] acc = 2
[2025-06-27 18:35:04,775] [INFO] VehicleControl(throttle=0.500000, steer=0.000000, brake=0.000000, hand_brake=False, reverse=False, manual_gear_shift=False, gear=0)
[2025-06-27 18:35:05,057] [INFO] tick: 400, speed: 0.24111667275428772, pos: 73.73114776611328
[2025-06-27 18:35:05,057] [INFO] Safe to accelerate: v_ego = 0.24 < min(v_target, v_safe) = 4.59
[2025-06-27 18:35:05,057] [INFO] acc = 2
[2025-06-27 18:35:05,058] [INFO] VehicleControl(throttle=0.500000, steer=0.000000, brake=0.000000, hand_brake=False, reverse=False, manual_gear_shift=False, gear=0)
[2025-06-27 18:35:05,353] [INFO] tick: 401, speed: 0.4731791913509369, pos: 73.78388214111328
[2025-06-27 18:35:05,353] [INFO] Safe to accelerate: v_ego = 0.47 < min(v_target, v_safe) = 4.57
[2025-06-27 18:35:05,353] [INFO] acc = 2
[2025-06-27 18:35:05,353] [INFO] VehicleControl(throttle=0.500000, steer=0.000000, brake=0.000000, hand_brake=False, reverse=False, manual_gear_shift=False, gear=0)
[2025-06-27 18:35:05,633] [INFO] tick: 402, speed: 0.6837484836578369, pos: 73.8716049194336
[2025-06-27 18:35:05,633] [INFO] mpc control with min decceleration -0.045580730575534835
[2025-06-27 18:35:05,633] [INFO] acc = -0.045580730575534835
[2025-06-27 18:35:05,633] [INFO] VehicleControl(throttle=0.000000, steer=0.000000, brake=0.009116, hand_brake=False, reverse=False, manual_gear_shift=False, gear=0)
[2025-06-27 18:35:05,912] [INFO] tick: 403, speed: 0.6369438171386719, pos: 73.99083709716797
[2025-06-27 18:35:05,912] [INFO] mpc control with min decceleration -0.04049553129543987
[2025-06-27 18:35:05,912] [INFO] acc = -0.04049553129543987
[2025-06-27 18:35:05,912] [INFO] VehicleControl(throttle=0.000000, steer=0.000000, brake=0.008099, hand_brake=False, reverse=False, manual_gear_shift=False, gear=0)
[2025-06-27 18:35:06,193] [INFO] tick: 404, speed: -4.955699114361778e-05, pos: 74.00037384033203
[2025-06-27 18:35:06,193] [INFO] Safe to accelerate: v_ego = -0.00 < min(v_target, v_safe) = 4.47
[2025-06-27 18:35:06,193] [INFO] acc = 2
[2025-06-27 18:35:06,193] [INFO] VehicleControl(throttle=0.500000, steer=0.000000, brake=0.000000, hand_brake=False, reverse=False, manual_gear_shift=False, gear=0)
[2025-06-27 18:35:06,476] [INFO] tick: 405, speed: -0.018925348296761513, pos: 74.0011215209961
[2025-06-27 18:35:06,476] [INFO] Safe to accelerate: v_ego = -0.02 < min(v_target, v_safe) = 4.47
[2025-06-27 18:35:06,476] [INFO] acc = 2
[2025-06-27 18:35:06,476] [INFO] VehicleControl(throttle=0.500000, steer=0.000000, brake=0.000000, hand_brake=False, reverse=False, manual_gear_shift=False, gear=0)
[2025-06-27 18:35:06,756] [INFO] tick: 406, speed: 0.058581337332725525, pos: 74.00728607177734
[2025-06-27 18:35:06,756] [INFO] Safe to accelerate: v_ego = 0.06 < min(v_target, v_safe) = 4.47
[2025-06-27 18:35:06,756] [INFO] acc = 2
[2025-06-27 18:35:06,756] [INFO] VehicleControl(throttle=0.500000, steer=0.000000, brake=0.000000, hand_brake=False, reverse=False, manual_gear_shift=False, gear=0)
[2025-06-27 18:35:07,040] [INFO] tick: 407, speed: 0.37161561846733093, pos: 74.0440902709961
[2025-06-27 18:35:07,040] [INFO] Safe to accelerate: v_ego = 0.37 < min(v_target, v_safe) = 4.45
[2025-06-27 18:35:07,040] [INFO] acc = 2
[2025-06-27 18:35:07,041] [INFO] VehicleControl(throttle=0.500000, steer=0.000000, brake=0.000000, hand_brake=False, reverse=False, manual_gear_shift=False, gear=0)
[2025-06-27 18:35:07,319] [INFO] tick: 408, speed: 0.5533522963523865, pos: 74.1137924194336
[2025-06-27 18:35:07,319] [INFO] mpc control with min decceleration -0.0313329672173859
[2025-06-27 18:35:07,319] [INFO] acc = -0.0313329672173859
[2025-06-27 18:35:07,319] [INFO] VehicleControl(throttle=0.000000, steer=0.000000, brake=0.006267, hand_brake=False, reverse=False, manual_gear_shift=False, gear=0)
[2025-06-27 18:35:07,593] [INFO] tick: 409, speed: 0.22541610896587372, pos: 74.19811248779297
[2025-06-27 18:35:07,593] [INFO] Safe to accelerate: v_ego = 0.23 < min(v_target, v_safe) = 4.38
[2025-06-27 18:35:07,593] [INFO] acc = 2
[2025-06-27 18:35:07,593] [INFO] VehicleControl(throttle=0.500000, steer=0.000000, brake=0.000000, hand_brake=False, reverse=False, manual_gear_shift=False, gear=0)
[2025-06-27 18:35:07,868] [INFO] tick: 410, speed: 0.0037283445708453655, pos: 74.20195770263672
[2025-06-27 18:35:07,869] [INFO] Safe to accelerate: v_ego = 0.00 < min(v_target, v_safe) = 4.38
[2025-06-27 18:35:07,869] [INFO] acc = 2
[2025-06-27 18:35:07,869] [INFO] VehicleControl(throttle=0.500000, steer=0.000000, brake=0.000000, hand_brake=False, reverse=False, manual_gear_shift=False, gear=0)
[2025-06-27 18:35:08,145] [INFO] tick: 411, speed: 0.2513899803161621, pos: 74.22602081298828
[2025-06-27 18:35:08,145] [INFO] Safe to accelerate: v_ego = 0.25 < min(v_target, v_safe) = 4.37
[2025-06-27 18:35:08,145] [INFO] acc = 2
[2025-06-27 18:35:08,145] [INFO] VehicleControl(throttle=0.500000, steer=0.000000, brake=0.000000, hand_brake=False, reverse=False, manual_gear_shift=False, gear=0)
[2025-06-27 18:35:08,422] [INFO] tick: 412, speed: 0.4385233223438263, pos: 74.27875518798828
[2025-06-27 18:35:08,422] [INFO] Safe to accelerate: v_ego = 0.44 < min(v_target, v_safe) = 4.35
[2025-06-27 18:35:08,422] [INFO] acc = 2
[2025-06-27 18:35:08,422] [INFO] VehicleControl(throttle=0.500000, steer=0.000000, brake=0.000000, hand_brake=False, reverse=False, manual_gear_shift=False, gear=0)
[2025-06-27 18:35:08,694] [INFO] tick: 413, speed: 0.662238359451294, pos: 74.36307525634766
[2025-06-27 18:35:08,695] [INFO] mpc control with min decceleration -0.04728992478572157
[2025-06-27 18:35:08,695] [INFO] acc = -0.04728992478572157
[2025-06-27 18:35:08,695] [INFO] VehicleControl(throttle=0.000000, steer=0.000000, brake=0.009458, hand_brake=False, reverse=False, manual_gear_shift=False, gear=0)
[2025-06-27 18:35:08,973] [INFO] tick: 414, speed: 0.3412587344646454, pos: 74.46295928955078
[2025-06-27 18:35:08,973] [INFO] Safe to accelerate: v_ego = 0.34 < min(v_target, v_safe) = 4.26
[2025-06-27 18:35:08,973] [INFO] acc = 2
[2025-06-27 18:35:08,973] [INFO] VehicleControl(throttle=0.500000, steer=0.000000, brake=0.000000, hand_brake=False, reverse=False, manual_gear_shift=False, gear=0)
[2025-06-27 18:35:09,247] [INFO] tick: 415, speed: 0.05752038210630417, pos: 74.46837615966797
[2025-06-27 18:35:09,248] [INFO] Safe to accelerate: v_ego = 0.06 < min(v_target, v_safe) = 4.26
[2025-06-27 18:35:09,248] [INFO] acc = 2
[2025-06-27 18:35:09,248] [INFO] VehicleControl(throttle=0.500000, steer=0.000000, brake=0.000000, hand_brake=False, reverse=False, manual_gear_shift=False, gear=0)
[2025-06-27 18:35:09,533] [INFO] tick: 416, speed: 0.2489892542362213, pos: 74.4855728149414
[2025-06-27 18:35:09,534] [INFO] Safe to accelerate: v_ego = 0.25 < min(v_target, v_safe) = 4.25
[2025-06-27 18:35:09,534] [INFO] acc = 2
[2025-06-27 18:35:09,534] [INFO] VehicleControl(throttle=0.500000, steer=0.000000, brake=0.000000, hand_brake=False, reverse=False, manual_gear_shift=False, gear=0)
[2025-06-27 18:35:09,822] [INFO] tick: 417, speed: 0.44147899746894836, pos: 74.5382308959961
[2025-06-27 18:35:09,823] [INFO] Safe to accelerate: v_ego = 0.44 < min(v_target, v_safe) = 4.22
[2025-06-27 18:35:09,823] [INFO] acc = 2
[2025-06-27 18:35:09,823] [INFO] VehicleControl(throttle=0.500000, steer=0.000000, brake=0.000000, hand_brake=False, reverse=False, manual_gear_shift=False, gear=0)
[2025-06-27 18:35:10,098] [INFO] tick: 418, speed: 0.644706130027771, pos: 74.6218032836914
[2025-06-27 18:35:10,099] [INFO] mpc control with min decceleration -0.04746771570897235
[2025-06-27 18:35:10,099] [INFO] acc = -0.04746771570897235
[2025-06-27 18:35:10,099] [INFO] VehicleControl(throttle=0.000000, steer=0.000000, brake=0.009494, hand_brake=False, reverse=False, manual_gear_shift=False, gear=0)
[2025-06-27 18:35:10,375] [INFO] tick: 419, speed: 0.3737963140010834, pos: 74.72386932373047
[2025-06-27 18:35:10,376] [INFO] Safe to accelerate: v_ego = 0.37 < min(v_target, v_safe) = 4.14
[2025-06-27 18:35:10,376] [INFO] acc = 2
[2025-06-27 18:35:10,376] [INFO] VehicleControl(throttle=0.500000, steer=0.000000, brake=0.000000, hand_brake=False, reverse=False, manual_gear_shift=False, gear=0)
[2025-06-27 18:35:10,656] [INFO] tick: 420, speed: 0.06921558082103729, pos: 74.7289047241211
[2025-06-27 18:35:10,656] [INFO] Safe to accelerate: v_ego = 0.07 < min(v_target, v_safe) = 4.13
[2025-06-27 18:35:10,656] [INFO] acc = 2
[2025-06-27 18:35:10,656] [INFO] VehicleControl(throttle=0.500000, steer=0.000000, brake=0.000000, hand_brake=False, reverse=False, manual_gear_shift=False, gear=0)
[2025-06-27 18:35:10,940] [INFO] tick: 421, speed: 0.27640458941459656, pos: 74.75017547607422
[2025-06-27 18:35:10,941] [INFO] Safe to accelerate: v_ego = 0.28 < min(v_target, v_safe) = 4.12
[2025-06-27 18:35:10,941] [INFO] acc = 2
[2025-06-27 18:35:10,941] [INFO] VehicleControl(throttle=0.500000, steer=0.000000, brake=0.000000, hand_brake=False, reverse=False, manual_gear_shift=False, gear=0)
[2025-06-27 18:35:11,215] [INFO] tick: 422, speed: 0.46501386165618896, pos: 74.80423736572266
[2025-06-27 18:35:11,216] [INFO] Safe to accelerate: v_ego = 0.47 < min(v_target, v_safe) = 4.10
[2025-06-27 18:35:11,216] [INFO] acc = 2
[2025-06-27 18:35:11,216] [INFO] VehicleControl(throttle=0.500000, steer=0.000000, brake=0.000000, hand_brake=False, reverse=False, manual_gear_shift=False, gear=0)
[2025-06-27 18:35:11,495] [INFO] tick: 423, speed: 0.6668287515640259, pos: 74.89078521728516
[2025-06-27 18:35:11,495] [INFO] mpc control with min decceleration -0.05410529838728246
[2025-06-27 18:35:11,495] [INFO] acc = -0.05410529838728246
[2025-06-27 18:35:11,496] [INFO] VehicleControl(throttle=0.000000, steer=0.000000, brake=0.010821, hand_brake=False, reverse=False, manual_gear_shift=False, gear=0)
[2025-06-27 18:35:11,777] [INFO] tick: 424, speed: 0.4489384889602661, pos: 74.9992446899414
[2025-06-27 18:35:11,777] [INFO] Safe to accelerate: v_ego = 0.45 < min(v_target, v_safe) = 4.00
[2025-06-27 18:35:11,777] [INFO] acc = 2
[2025-06-27 18:35:11,777] [INFO] VehicleControl(throttle=0.500000, steer=0.000000, brake=0.000000, hand_brake=False, reverse=False, manual_gear_shift=False, gear=0)
[2025-06-27 18:35:12,062] [INFO] tick: 425, speed: 0.07527963817119598, pos: 75.00804901123047
[2025-06-27 18:35:12,062] [INFO] Safe to accelerate: v_ego = 0.08 < min(v_target, v_safe) = 4.00
[2025-06-27 18:35:12,062] [INFO] acc = 2
[2025-06-27 18:35:12,063] [INFO] VehicleControl(throttle=0.500000, steer=0.000000, brake=0.000000, hand_brake=False, reverse=False, manual_gear_shift=False, gear=0)
[2025-06-27 18:35:12,354] [INFO] tick: 426, speed: 0.30370473861694336, pos: 75.0332260131836
[2025-06-27 18:35:12,354] [INFO] Safe to accelerate: v_ego = 0.30 < min(v_target, v_safe) = 3.98
[2025-06-27 18:35:12,354] [INFO] acc = 2
[2025-06-27 18:35:12,355] [INFO] VehicleControl(throttle=0.500000, steer=0.000000, brake=0.000000, hand_brake=False, reverse=False, manual_gear_shift=False, gear=0)
[2025-06-27 18:35:12,644] [INFO] tick: 427, speed: 0.46684080362319946, pos: 75.09142303466797
[2025-06-27 18:35:12,644] [INFO] Safe to accelerate: v_ego = 0.47 < min(v_target, v_safe) = 3.95
[2025-06-27 18:35:12,644] [INFO] acc = 2
[2025-06-27 18:35:12,644] [INFO] VehicleControl(throttle=0.500000, steer=0.000000, brake=0.000000, hand_brake=False, reverse=False, manual_gear_shift=False, gear=0)
[2025-06-27 18:35:12,917] [INFO] tick: 428, speed: 0.6736886501312256, pos: 75.17987823486328
[2025-06-27 18:35:12,917] [INFO] mpc control with min decceleration -0.05940339408256922
[2025-06-27 18:35:12,917] [INFO] acc = -0.05940339408256922
[2025-06-27 18:35:12,917] [INFO] VehicleControl(throttle=0.000000, steer=0.000000, brake=0.011881, hand_brake=False, reverse=False, manual_gear_shift=False, gear=0)
[2025-06-27 18:35:13,202] [INFO] tick: 429, speed: 0.5393791794776917, pos: 75.29528045654297
[2025-06-27 18:35:13,202] [INFO] mpc control with min decceleration -0.03926476698726685
[2025-06-27 18:35:13,202] [INFO] acc = -0.03926476698726685
[2025-06-27 18:35:13,202] [INFO] VehicleControl(throttle=0.000000, steer=0.000000, brake=0.007853, hand_brake=False, reverse=False, manual_gear_shift=False, gear=0)
[2025-06-27 18:35:13,486] [INFO] tick: 430, speed: -5.264105129754171e-05, pos: 75.30301666259766
[2025-06-27 18:35:13,487] [INFO] Safe to accelerate: v_ego = -0.00 < min(v_target, v_safe) = 3.85
[2025-06-27 18:35:13,487] [INFO] acc = 2
[2025-06-27 18:35:13,487] [INFO] VehicleControl(throttle=0.500000, steer=0.000000, brake=0.000000, hand_brake=False, reverse=False, manual_gear_shift=False, gear=0)
[2025-06-27 18:35:13,757] [INFO] tick: 431, speed: -0.018892312422394753, pos: 75.30374908447266
[2025-06-27 18:35:13,757] [INFO] Safe to accelerate: v_ego = -0.02 < min(v_target, v_safe) = 3.85
[2025-06-27 18:35:13,757] [INFO] acc = 2
[2025-06-27 18:35:13,757] [INFO] VehicleControl(throttle=0.500000, steer=0.000000, brake=0.000000, hand_brake=False, reverse=False, manual_gear_shift=False, gear=0)
[2025-06-27 18:35:14,048] [INFO] tick: 432, speed: 0.05878705531358719, pos: 75.30998992919922
[2025-06-27 18:35:14,048] [INFO] Safe to accelerate: v_ego = 0.06 < min(v_target, v_safe) = 3.84
[2025-06-27 18:35:14,048] [INFO] acc = 2
[2025-06-27 18:35:14,048] [INFO] VehicleControl(throttle=0.500000, steer=0.000000, brake=0.000000, hand_brake=False, reverse=False, manual_gear_shift=False, gear=0)
[2025-06-27 18:35:14,325] [INFO] tick: 433, speed: 0.3389653265476227, pos: 75.3462142944336
[2025-06-27 18:35:14,326] [INFO] Safe to accelerate: v_ego = 0.34 < min(v_target, v_safe) = 3.82
[2025-06-27 18:35:14,326] [INFO] acc = 2
[2025-06-27 18:35:14,326] [INFO] VehicleControl(throttle=0.500000, steer=0.000000, brake=0.000000, hand_brake=False, reverse=False, manual_gear_shift=False, gear=0)
[2025-06-27 18:35:14,627] [INFO] tick: 434, speed: 0.527765154838562, pos: 75.41097259521484
[2025-06-27 18:35:14,628] [INFO] mpc control with min decceleration -0.03880383558654449
[2025-06-27 18:35:14,628] [INFO] acc = -0.03880383558654449
[2025-06-27 18:35:14,628] [INFO] VehicleControl(throttle=0.000000, steer=0.000000, brake=0.007761, hand_brake=False, reverse=False, manual_gear_shift=False, gear=0)
[2025-06-27 18:35:14,902] [INFO] tick: 435, speed: 0.1853209137916565, pos: 75.48908233642578
[2025-06-27 18:35:14,903] [INFO] Safe to accelerate: v_ego = 0.19 < min(v_target, v_safe) = 3.75
[2025-06-27 18:35:14,903] [INFO] acc = 2
[2025-06-27 18:35:14,903] [INFO] VehicleControl(throttle=0.500000, steer=0.000000, brake=0.000000, hand_brake=False, reverse=False, manual_gear_shift=False, gear=0)
[2025-06-27 18:35:15,174] [INFO] tick: 436, speed: -0.005162022076547146, pos: 75.49024200439453
[2025-06-27 18:35:15,174] [INFO] Safe to accelerate: v_ego = -0.01 < min(v_target, v_safe) = 3.75
[2025-06-27 18:35:15,174] [INFO] acc = 2
[2025-06-27 18:35:15,174] [INFO] VehicleControl(throttle=0.500000, steer=0.000000, brake=0.000000, hand_brake=False, reverse=False, manual_gear_shift=False, gear=0)
[2025-06-27 18:35:15,450] [INFO] tick: 437, speed: 0.20526601374149323, pos: 75.5075454711914
[2025-06-27 18:35:15,451] [INFO] Safe to accelerate: v_ego = 0.21 < min(v_target, v_safe) = 3.74
[2025-06-27 18:35:15,451] [INFO] acc = 2
[2025-06-27 18:35:15,451] [INFO] VehicleControl(throttle=0.500000, steer=0.000000, brake=0.000000, hand_brake=False, reverse=False, manual_gear_shift=False, gear=0)
[2025-06-27 18:35:15,740] [INFO] tick: 438, speed: 0.39828935265541077, pos: 75.55435943603516
[2025-06-27 18:35:15,740] [INFO] Safe to accelerate: v_ego = 0.40 < min(v_target, v_safe) = 3.71
[2025-06-27 18:35:15,740] [INFO] acc = 2
[2025-06-27 18:35:15,740] [INFO] VehicleControl(throttle=0.500000, steer=0.000000, brake=0.000000, hand_brake=False, reverse=False, manual_gear_shift=False, gear=0)
[2025-06-27 18:35:16,020] [INFO] tick: 439, speed: 0.6282204389572144, pos: 75.63509368896484
[2025-06-27 18:35:16,021] [INFO] mpc control with min decceleration -0.05864367138979634
[2025-06-27 18:35:16,021] [INFO] acc = -0.05864367138979634
[2025-06-27 18:35:16,021] [INFO] VehicleControl(throttle=0.000000, steer=0.000000, brake=0.011729, hand_brake=False, reverse=False, manual_gear_shift=False, gear=0)
[2025-06-27 18:35:16,293] [INFO] tick: 440, speed: 0.26756489276885986, pos: 75.73072052001953
[2025-06-27 18:35:16,293] [INFO] Safe to accelerate: v_ego = 0.27 < min(v_target, v_safe) = 3.62
[2025-06-27 18:35:16,293] [INFO] acc = 2
[2025-06-27 18:35:16,293] [INFO] VehicleControl(throttle=0.500000, steer=0.000000, brake=0.000000, hand_brake=False, reverse=False, manual_gear_shift=False, gear=0)
[2025-06-27 18:35:16,566] [INFO] tick: 441, speed: 0.041249580681324005, pos: 75.7358627319336
[2025-06-27 18:35:16,567] [INFO] Safe to accelerate: v_ego = 0.04 < min(v_target, v_safe) = 3.61
[2025-06-27 18:35:16,567] [INFO] acc = 2
[2025-06-27 18:35:16,567] [INFO] VehicleControl(throttle=0.500000, steer=0.000000, brake=0.000000, hand_brake=False, reverse=False, manual_gear_shift=False, gear=0)
[2025-06-27 18:35:16,844] [INFO] tick: 442, speed: 0.23846463859081268, pos: 75.7514419555664
[2025-06-27 18:35:16,844] [INFO] Safe to accelerate: v_ego = 0.24 < min(v_target, v_safe) = 3.60
[2025-06-27 18:35:16,844] [INFO] acc = 2
[2025-06-27 18:35:16,844] [INFO] VehicleControl(throttle=0.500000, steer=0.000000, brake=0.000000, hand_brake=False, reverse=False, manual_gear_shift=False, gear=0)
[2025-06-27 18:35:17,116] [INFO] tick: 443, speed: 0.416737824678421, pos: 75.8023452758789
[2025-06-27 18:35:17,116] [INFO] Safe to accelerate: v_ego = 0.42 < min(v_target, v_safe) = 3.58
[2025-06-27 18:35:17,116] [INFO] acc = 2
[2025-06-27 18:35:17,116] [INFO] VehicleControl(throttle=0.500000, steer=0.000000, brake=0.000000, hand_brake=False, reverse=False, manual_gear_shift=False, gear=0)
[2025-06-27 18:35:17,391] [INFO] tick: 444, speed: 0.6342882513999939, pos: 75.88431549072266
[2025-06-27 18:35:17,391] [INFO] mpc control with min decceleration -0.064563915997608
[2025-06-27 18:35:17,391] [INFO] acc = -0.064563915997608
[2025-06-27 18:35:17,391] [INFO] VehicleControl(throttle=0.000000, steer=0.000000, brake=0.012913, hand_brake=False, reverse=False, manual_gear_shift=False, gear=0)
[2025-06-27 18:35:17,664] [INFO] tick: 445, speed: 0.41597285866737366, pos: 75.9888687133789
[2025-06-27 18:35:17,664] [INFO] Safe to accelerate: v_ego = 0.42 < min(v_target, v_safe) = 3.47
[2025-06-27 18:35:17,664] [INFO] acc = 2
[2025-06-27 18:35:17,664] [INFO] VehicleControl(throttle=0.500000, steer=0.000000, brake=0.000000, hand_brake=False, reverse=False, manual_gear_shift=False, gear=0)
[2025-06-27 18:35:17,939] [INFO] tick: 446, speed: 0.06416282802820206, pos: 75.99443817138672
[2025-06-27 18:35:17,939] [INFO] Safe to accelerate: v_ego = 0.06 < min(v_target, v_safe) = 3.47
[2025-06-27 18:35:17,939] [INFO] acc = 2
[2025-06-27 18:35:17,939] [INFO] VehicleControl(throttle=0.500000, steer=0.000000, brake=0.000000, hand_brake=False, reverse=False, manual_gear_shift=False, gear=0)
[2025-06-27 18:35:18,202] [INFO] tick: 447, speed: 0.2549125850200653, pos: 76.01251983642578
[2025-06-27 18:35:18,202] [INFO] Safe to accelerate: v_ego = 0.25 < min(v_target, v_safe) = 3.46
[2025-06-27 18:35:18,202] [INFO] acc = 2
[2025-06-27 18:35:18,202] [INFO] VehicleControl(throttle=0.500000, steer=0.000000, brake=0.000000, hand_brake=False, reverse=False, manual_gear_shift=False, gear=0)
[2025-06-27 18:35:18,443] [INFO] tick: 448, speed: 0.4559003710746765, pos: 76.06671905517578
[2025-06-27 18:35:18,443] [INFO] Safe to accelerate: v_ego = 0.46 < min(v_target, v_safe) = 3.43
[2025-06-27 18:35:18,443] [INFO] acc = 2
[2025-06-27 18:35:18,443] [INFO] VehicleControl(throttle=0.500000, steer=0.000000, brake=0.000000, hand_brake=False, reverse=False, manual_gear_shift=False, gear=0)
[2025-06-27 18:35:18,714] [INFO] tick: 449, speed: 0.6698698997497559, pos: 76.15392303466797
[2025-06-27 18:35:18,714] [INFO] mpc control with min decceleration -0.07883231691494302
[2025-06-27 18:35:18,714] [INFO] acc = -0.07883231691494302
[2025-06-27 18:35:18,714] [INFO] VehicleControl(throttle=0.000000, steer=0.000000, brake=0.015766, hand_brake=False, reverse=False, manual_gear_shift=False, gear=0)
[2025-06-27 18:35:18,961] [INFO] tick: 450, speed: 0.3903356194496155, pos: 76.25977325439453
[2025-06-27 18:35:18,961] [INFO] Safe to accelerate: v_ego = 0.39 < min(v_target, v_safe) = 3.31
[2025-06-27 18:35:18,961] [INFO] acc = 2
[2025-06-27 18:35:18,961] [INFO] VehicleControl(throttle=0.500000, steer=0.000000, brake=0.000000, hand_brake=False, reverse=False, manual_gear_shift=False, gear=0)
[2025-06-27 18:35:19,219] [INFO] tick: 451, speed: 0.06694414466619492, pos: 76.26502227783203
[2025-06-27 18:35:19,220] [INFO] Safe to accelerate: v_ego = 0.07 < min(v_target, v_safe) = 3.31
[2025-06-27 18:35:19,220] [INFO] acc = 2
[2025-06-27 18:35:19,220] [INFO] VehicleControl(throttle=0.500000, steer=0.000000, brake=0.000000, hand_brake=False, reverse=False, manual_gear_shift=False, gear=0)
[2025-06-27 18:35:19,457] [INFO] tick: 452, speed: 0.25290367007255554, pos: 76.28357696533203
[2025-06-27 18:35:19,457] [INFO] Safe to accelerate: v_ego = 0.25 < min(v_target, v_safe) = 3.30
[2025-06-27 18:35:19,457] [INFO] acc = 2
[2025-06-27 18:35:19,457] [INFO] VehicleControl(throttle=0.500000, steer=0.000000, brake=0.000000, hand_brake=False, reverse=False, manual_gear_shift=False, gear=0)
[2025-06-27 18:35:19,688] [INFO] tick: 453, speed: 0.45253875851631165, pos: 76.3395767211914
[2025-06-27 18:35:19,689] [INFO] Safe to accelerate: v_ego = 0.45 < min(v_target, v_safe) = 3.26
[2025-06-27 18:35:19,689] [INFO] acc = 2
[2025-06-27 18:35:19,689] [INFO] VehicleControl(throttle=0.500000, steer=0.000000, brake=0.000000, hand_brake=False, reverse=False, manual_gear_shift=False, gear=0)
[2025-06-27 18:35:19,932] [INFO] tick: 454, speed: 0.6431386470794678, pos: 76.42362213134766
[2025-06-27 18:35:19,932] [INFO] mpc control with min decceleration -0.08027303067611917
[2025-06-27 18:35:19,932] [INFO] acc = -0.08027303067611917
[2025-06-27 18:35:19,932] [INFO] VehicleControl(throttle=0.000000, steer=0.000000, brake=0.016055, hand_brake=False, reverse=False, manual_gear_shift=False, gear=0)
[2025-06-27 18:35:20,189] [INFO] tick: 455, speed: 0.5878422856330872, pos: 76.5342788696289
[2025-06-27 18:35:20,189] [INFO] mpc control with min decceleration -0.07007251317311887
[2025-06-27 18:35:20,189] [INFO] acc = -0.07007251317311887
[2025-06-27 18:35:20,189] [INFO] VehicleControl(throttle=0.000000, steer=0.000000, brake=0.014015, hand_brake=False, reverse=False, manual_gear_shift=False, gear=0)
[2025-06-27 18:35:20,482] [INFO] tick: 456, speed: -4.876470484305173e-05, pos: 76.54236602783203
[2025-06-27 18:35:20,483] [INFO] Safe to accelerate: v_ego = -0.00 < min(v_target, v_safe) = 3.14
[2025-06-27 18:35:20,483] [INFO] acc = 2
[2025-06-27 18:35:20,483] [INFO] VehicleControl(throttle=0.500000, steer=0.000000, brake=0.000000, hand_brake=False, reverse=False, manual_gear_shift=False, gear=0)
[2025-06-27 18:35:20,762] [INFO] tick: 457, speed: -0.018420031294226646, pos: 76.54308319091797
[2025-06-27 18:35:20,762] [INFO] Safe to accelerate: v_ego = -0.02 < min(v_target, v_safe) = 3.13
[2025-06-27 18:35:20,762] [INFO] acc = 2
[2025-06-27 18:35:20,762] [INFO] VehicleControl(throttle=0.500000, steer=0.000000, brake=0.000000, hand_brake=False, reverse=False, manual_gear_shift=False, gear=0)
[2025-06-27 18:35:21,043] [INFO] tick: 458, speed: 0.0630897805094719, pos: 76.5495376586914
[2025-06-27 18:35:21,043] [INFO] Safe to accelerate: v_ego = 0.06 < min(v_target, v_safe) = 3.13
[2025-06-27 18:35:21,043] [INFO] acc = 2
[2025-06-27 18:35:21,043] [INFO] VehicleControl(throttle=0.500000, steer=0.000000, brake=0.000000, hand_brake=False, reverse=False, manual_gear_shift=False, gear=0)
[2025-06-27 18:35:21,324] [INFO] tick: 459, speed: 0.3269329369068146, pos: 76.57781219482422
[2025-06-27 18:35:21,324] [INFO] Safe to accelerate: v_ego = 0.33 < min(v_target, v_safe) = 3.11
[2025-06-27 18:35:21,324] [INFO] acc = 2
[2025-06-27 18:35:21,324] [INFO] VehicleControl(throttle=0.500000, steer=0.000000, brake=0.000000, hand_brake=False, reverse=False, manual_gear_shift=False, gear=0)
[2025-06-27 18:35:21,603] [INFO] tick: 460, speed: 0.5314265489578247, pos: 76.64167022705078
[2025-06-27 18:35:21,603] [INFO] mpc control with min decceleration -0.0598758876253445
[2025-06-27 18:35:21,603] [INFO] acc = -0.0598758876253445
[2025-06-27 18:35:21,603] [INFO] VehicleControl(throttle=0.000000, steer=0.000000, brake=0.011975, hand_brake=False, reverse=False, manual_gear_shift=False, gear=0)
[2025-06-27 18:35:21,894] [INFO] tick: 461, speed: 0.20221726596355438, pos: 76.72115325927734
[2025-06-27 18:35:21,894] [INFO] Safe to accelerate: v_ego = 0.20 < min(v_target, v_safe) = 3.02
[2025-06-27 18:35:21,895] [INFO] acc = 2
[2025-06-27 18:35:21,895] [INFO] VehicleControl(throttle=0.500000, steer=0.000000, brake=0.000000, hand_brake=False, reverse=False, manual_gear_shift=False, gear=0)
[2025-06-27 18:35:22,177] [INFO] tick: 462, speed: -0.005091872066259384, pos: 76.72228240966797
[2025-06-27 18:35:22,177] [INFO] Safe to accelerate: v_ego = -0.01 < min(v_target, v_safe) = 3.02
[2025-06-27 18:35:22,177] [INFO] acc = 2
[2025-06-27 18:35:22,178] [INFO] VehicleControl(throttle=0.500000, steer=0.000000, brake=0.000000, hand_brake=False, reverse=False, manual_gear_shift=False, gear=0)
[2025-06-27 18:35:22,455] [INFO] tick: 463, speed: 0.263850599527359, pos: 76.74153900146484
[2025-06-27 18:35:22,456] [INFO] Safe to accelerate: v_ego = 0.26 < min(v_target, v_safe) = 3.01
[2025-06-27 18:35:22,456] [INFO] acc = 2
[2025-06-27 18:35:22,456] [INFO] VehicleControl(throttle=0.500000, steer=0.000000, brake=0.000000, hand_brake=False, reverse=False, manual_gear_shift=False, gear=0)
[2025-06-27 18:35:22,732] [INFO] tick: 464, speed: 0.3977649509906769, pos: 76.79267120361328
[2025-06-27 18:35:22,732] [INFO] Safe to accelerate: v_ego = 0.40 < min(v_target, v_safe) = 2.97
[2025-06-27 18:35:22,732] [INFO] acc = 2
[2025-06-27 18:35:22,732] [INFO] VehicleControl(throttle=0.500000, steer=0.000000, brake=0.000000, hand_brake=False, reverse=False, manual_gear_shift=False, gear=0)
[2025-06-27 18:35:23,015] [INFO] tick: 465, speed: 0.5902703404426575, pos: 76.8725814819336
[2025-06-27 18:35:23,015] [INFO] mpc control with min decceleration -0.08188776017681891
[2025-06-27 18:35:23,015] [INFO] acc = -0.08188776017681891
[2025-06-27 18:35:23,015] [INFO] VehicleControl(throttle=0.000000, steer=0.000000, brake=0.016378, hand_brake=False, reverse=False, manual_gear_shift=False, gear=0)
[2025-06-27 18:35:23,295] [INFO] tick: 466, speed: 0.3116401731967926, pos: 76.96698760986328
[2025-06-27 18:35:23,295] [INFO] Safe to accelerate: v_ego = 0.31 < min(v_target, v_safe) = 2.85
[2025-06-27 18:35:23,295] [INFO] acc = 2
[2025-06-27 18:35:23,295] [INFO] VehicleControl(throttle=0.500000, steer=0.000000, brake=0.000000, hand_brake=False, reverse=False, manual_gear_shift=False, gear=0)
[2025-06-27 18:35:23,576] [INFO] tick: 467, speed: 0.062442660331726074, pos: 76.97209930419922
[2025-06-27 18:35:23,577] [INFO] Safe to accelerate: v_ego = 0.06 < min(v_target, v_safe) = 2.85
[2025-06-27 18:35:23,577] [INFO] acc = 2
[2025-06-27 18:35:23,577] [INFO] VehicleControl(throttle=0.500000, steer=0.000000, brake=0.000000, hand_brake=False, reverse=False, manual_gear_shift=False, gear=0)
[2025-06-27 18:35:23,855] [INFO] tick: 468, speed: 0.25424715876579285, pos: 76.99002838134766
[2025-06-27 18:35:23,855] [INFO] Safe to accelerate: v_ego = 0.25 < min(v_target, v_safe) = 2.84
[2025-06-27 18:35:23,855] [INFO] acc = 2
[2025-06-27 18:35:23,855] [INFO] VehicleControl(throttle=0.500000, steer=0.000000, brake=0.000000, hand_brake=False, reverse=False, manual_gear_shift=False, gear=0)
[2025-06-27 18:35:24,141] [INFO] tick: 469, speed: 0.43290191888809204, pos: 77.0409927368164
[2025-06-27 18:35:24,141] [INFO] Safe to accelerate: v_ego = 0.43 < min(v_target, v_safe) = 2.80
[2025-06-27 18:35:24,141] [INFO] acc = 2
[2025-06-27 18:35:24,141] [INFO] VehicleControl(throttle=0.500000, steer=0.000000, brake=0.000000, hand_brake=False, reverse=False, manual_gear_shift=False, gear=0)
[2025-06-27 18:35:24,429] [INFO] tick: 470, speed: 0.6366057991981506, pos: 77.12334442138672
[2025-06-27 18:35:24,429] [INFO] mpc control with min decceleration -0.10797584495290828
[2025-06-27 18:35:24,429] [INFO] acc = -0.10797584495290828
[2025-06-27 18:35:24,429] [INFO] VehicleControl(throttle=0.000000, steer=0.000000, brake=0.021595, hand_brake=False, reverse=False, manual_gear_shift=False, gear=0)
[2025-06-27 18:35:24,710] [INFO] tick: 471, speed: 0.2638288140296936, pos: 77.22101593017578
[2025-06-27 18:35:24,711] [INFO] Safe to accelerate: v_ego = 0.26 < min(v_target, v_safe) = 2.67
[2025-06-27 18:35:24,711] [INFO] acc = 2
[2025-06-27 18:35:24,711] [INFO] VehicleControl(throttle=0.500000, steer=0.000000, brake=0.000000, hand_brake=False, reverse=False, manual_gear_shift=False, gear=0)
[2025-06-27 18:35:24,993] [INFO] tick: 472, speed: 0.05725681781768799, pos: 77.22638702392578
[2025-06-27 18:35:24,994] [INFO] Safe to accelerate: v_ego = 0.06 < min(v_target, v_safe) = 2.66
[2025-06-27 18:35:24,994] [INFO] acc = 2
[2025-06-27 18:35:24,994] [INFO] VehicleControl(throttle=0.500000, steer=0.000000, brake=0.000000, hand_brake=False, reverse=False, manual_gear_shift=False, gear=0)
[2025-06-27 18:35:25,269] [INFO] tick: 473, speed: 0.24878941476345062, pos: 77.24358367919922
[2025-06-27 18:35:25,269] [INFO] Safe to accelerate: v_ego = 0.25 < min(v_target, v_safe) = 2.65
[2025-06-27 18:35:25,269] [INFO] acc = 2
[2025-06-27 18:35:25,269] [INFO] VehicleControl(throttle=0.500000, steer=0.000000, brake=0.000000, hand_brake=False, reverse=False, manual_gear_shift=False, gear=0)
[2025-06-27 18:35:25,545] [INFO] tick: 474, speed: 0.4705355763435364, pos: 77.29940032958984
[2025-06-27 18:35:25,546] [INFO] Safe to accelerate: v_ego = 0.47 < min(v_target, v_safe) = 2.61
[2025-06-27 18:35:25,546] [INFO] acc = 2
[2025-06-27 18:35:25,546] [INFO] VehicleControl(throttle=0.500000, steer=0.000000, brake=0.000000, hand_brake=False, reverse=False, manual_gear_shift=False, gear=0)
[2025-06-27 18:35:25,841] [INFO] tick: 475, speed: 0.6574584245681763, pos: 77.3853530883789
[2025-06-27 18:35:25,841] [INFO] mpc control with min decceleration -0.13385328300714702
[2025-06-27 18:35:25,841] [INFO] acc = -0.13385328300714702
[2025-06-27 18:35:25,841] [INFO] VehicleControl(throttle=0.000000, steer=0.000000, brake=0.026771, hand_brake=False, reverse=False, manual_gear_shift=False, gear=0)
[2025-06-27 18:35:26,120] [INFO] tick: 476, speed: 0.35204970836639404, pos: 77.48894500732422
[2025-06-27 18:35:26,121] [INFO] Safe to accelerate: v_ego = 0.35 < min(v_target, v_safe) = 2.46
[2025-06-27 18:35:26,121] [INFO] acc = 2
[2025-06-27 18:35:26,121] [INFO] VehicleControl(throttle=0.500000, steer=0.000000, brake=0.000000, hand_brake=False, reverse=False, manual_gear_shift=False, gear=0)
[2025-06-27 18:35:26,397] [INFO] tick: 477, speed: 0.06762133538722992, pos: 77.49365997314453
[2025-06-27 18:35:26,397] [INFO] Safe to accelerate: v_ego = 0.07 < min(v_target, v_safe) = 2.45
[2025-06-27 18:35:26,397] [INFO] acc = 2
[2025-06-27 18:35:26,397] [INFO] VehicleControl(throttle=0.500000, steer=0.000000, brake=0.000000, hand_brake=False, reverse=False, manual_gear_shift=False, gear=0)
[2025-06-27 18:35:26,677] [INFO] tick: 478, speed: 0.22303812205791473, pos: 77.51209259033203
[2025-06-27 18:35:26,677] [INFO] Safe to accelerate: v_ego = 0.22 < min(v_target, v_safe) = 2.44
[2025-06-27 18:35:26,677] [INFO] acc = 2
[2025-06-27 18:35:26,677] [INFO] VehicleControl(throttle=0.500000, steer=0.000000, brake=0.000000, hand_brake=False, reverse=False, manual_gear_shift=False, gear=0)
[2025-06-27 18:35:26,960] [INFO] tick: 479, speed: 0.449184775352478, pos: 77.56392669677734
[2025-06-27 18:35:26,960] [INFO] Safe to accelerate: v_ego = 0.45 < min(v_target, v_safe) = 2.40
[2025-06-27 18:35:26,960] [INFO] acc = 2
[2025-06-27 18:35:26,960] [INFO] VehicleControl(throttle=0.500000, steer=0.000000, brake=0.000000, hand_brake=False, reverse=False, manual_gear_shift=False, gear=0)
[2025-06-27 18:35:27,244] [INFO] tick: 480, speed: 0.6506702899932861, pos: 77.6480941772461
[2025-06-27 18:35:27,244] [INFO] mpc control with min decceleration -0.15658332820015355
[2025-06-27 18:35:27,244] [INFO] acc = -0.15658332820015355
[2025-06-27 18:35:27,244] [INFO] VehicleControl(throttle=0.000000, steer=0.000000, brake=0.031317, hand_brake=False, reverse=False, manual_gear_shift=False, gear=0)
[2025-06-27 18:35:27,523] [INFO] tick: 481, speed: 0.2568915784358978, pos: 77.74588775634766
[2025-06-27 18:35:27,523] [INFO] Safe to accelerate: v_ego = 0.26 < min(v_target, v_safe) = 2.24
[2025-06-27 18:35:27,523] [INFO] acc = 2
[2025-06-27 18:35:27,523] [INFO] VehicleControl(throttle=0.500000, steer=0.000000, brake=0.000000, hand_brake=False, reverse=False, manual_gear_shift=False, gear=0)
[2025-06-27 18:35:27,797] [INFO] tick: 482, speed: 0.05954987555742264, pos: 77.75121307373047
[2025-06-27 18:35:27,798] [INFO] Safe to accelerate: v_ego = 0.06 < min(v_target, v_safe) = 2.23
[2025-06-27 18:35:27,798] [INFO] acc = 2
[2025-06-27 18:35:27,798] [INFO] VehicleControl(throttle=0.500000, steer=0.000000, brake=0.000000, hand_brake=False, reverse=False, manual_gear_shift=False, gear=0)
[2025-06-27 18:35:28,075] [INFO] tick: 483, speed: 0.2516104280948639, pos: 77.76871490478516
[2025-06-27 18:35:28,076] [INFO] Safe to accelerate: v_ego = 0.25 < min(v_target, v_safe) = 2.22
[2025-06-27 18:35:28,076] [INFO] acc = 2
[2025-06-27 18:35:28,076] [INFO] VehicleControl(throttle=0.500000, steer=0.000000, brake=0.000000, hand_brake=False, reverse=False, manual_gear_shift=False, gear=0)
[2025-06-27 18:35:28,358] [INFO] tick: 484, speed: 0.48101910948753357, pos: 77.82445526123047
[2025-06-27 18:35:28,359] [INFO] Safe to accelerate: v_ego = 0.48 < min(v_target, v_safe) = 2.17
[2025-06-27 18:35:28,359] [INFO] acc = 2
[2025-06-27 18:35:28,359] [INFO] VehicleControl(throttle=0.500000, steer=0.000000, brake=0.000000, hand_brake=False, reverse=False, manual_gear_shift=False, gear=0)
[2025-06-27 18:35:28,668] [INFO] tick: 485, speed: 0.6854881644248962, pos: 77.91324615478516
[2025-06-27 18:35:28,669] [INFO] mpc control with min decceleration -0.21619156243874102
[2025-06-27 18:35:28,669] [INFO] acc = -0.21619156243874102
[2025-06-27 18:35:28,669] [INFO] VehicleControl(throttle=0.000000, steer=0.000000, brake=0.043238, hand_brake=False, reverse=False, manual_gear_shift=False, gear=0)
[2025-06-27 18:35:28,949] [INFO] tick: 486, speed: 0.32072845101356506, pos: 78.01818084716797
[2025-06-27 18:35:28,949] [INFO] Safe to accelerate: v_ego = 0.32 < min(v_target, v_safe) = 1.98
[2025-06-27 18:35:28,949] [INFO] acc = 2
[2025-06-27 18:35:28,950] [INFO] VehicleControl(throttle=0.500000, steer=0.000000, brake=0.000000, hand_brake=False, reverse=False, manual_gear_shift=False, gear=0)
[2025-06-27 18:35:29,228] [INFO] tick: 487, speed: 0.05868842080235481, pos: 78.02336883544922
[2025-06-27 18:35:29,228] [INFO] Safe to accelerate: v_ego = 0.06 < min(v_target, v_safe) = 1.98
[2025-06-27 18:35:29,228] [INFO] acc = 2
[2025-06-27 18:35:29,228] [INFO] VehicleControl(throttle=0.500000, steer=0.000000, brake=0.000000, hand_brake=False, reverse=False, manual_gear_shift=False, gear=0)
[2025-06-27 18:35:29,505] [INFO] tick: 488, speed: 0.2504591643810272, pos: 78.04076385498047
[2025-06-27 18:35:29,506] [INFO] Safe to accelerate: v_ego = 0.25 < min(v_target, v_safe) = 1.96
[2025-06-27 18:35:29,506] [INFO] acc = 2
[2025-06-27 18:35:29,506] [INFO] VehicleControl(throttle=0.500000, steer=0.000000, brake=0.000000, hand_brake=False, reverse=False, manual_gear_shift=False, gear=0)
[2025-06-27 18:35:29,788] [INFO] tick: 489, speed: 0.45758864283561707, pos: 78.09626007080078
[2025-06-27 18:35:29,788] [INFO] Safe to accelerate: v_ego = 0.46 < min(v_target, v_safe) = 1.90
[2025-06-27 18:35:29,789] [INFO] acc = 2
[2025-06-27 18:35:29,789] [INFO] VehicleControl(throttle=0.500000, steer=0.000000, brake=0.000000, hand_brake=False, reverse=False, manual_gear_shift=False, gear=0)
[2025-06-27 18:35:30,079] [INFO] tick: 490, speed: 0.6497882008552551, pos: 78.18256378173828
[2025-06-27 18:35:30,079] [INFO] mpc control with min decceleration -0.25826156006921974
[2025-06-27 18:35:30,079] [INFO] acc = -0.25826156006921974
[2025-06-27 18:35:30,079] [INFO] VehicleControl(throttle=0.000000, steer=0.000000, brake=0.051652, hand_brake=False, reverse=False, manual_gear_shift=False, gear=0)
[2025-06-27 18:35:30,365] [INFO] tick: 491, speed: 0.3977836072444916, pos: 78.28936004638672
[2025-06-27 18:35:30,365] [INFO] Safe to accelerate: v_ego = 0.40 < min(v_target, v_safe) = 1.69
[2025-06-27 18:35:30,365] [INFO] acc = 2
[2025-06-27 18:35:30,365] [INFO] VehicleControl(throttle=0.500000, steer=0.000000, brake=0.000000, hand_brake=False, reverse=False, manual_gear_shift=False, gear=0)
[2025-06-27 18:35:30,635] [INFO] tick: 492, speed: 0.06504806876182556, pos: 78.29468536376953
[2025-06-27 18:35:30,636] [INFO] Safe to accelerate: v_ego = 0.07 < min(v_target, v_safe) = 1.68
[2025-06-27 18:35:30,636] [INFO] acc = 2
[2025-06-27 18:35:30,636] [INFO] VehicleControl(throttle=0.500000, steer=0.000000, brake=0.000000, hand_brake=False, reverse=False, manual_gear_shift=False, gear=0)
[2025-06-27 18:35:30,914] [INFO] tick: 493, speed: 0.2549716830253601, pos: 78.31295013427734
[2025-06-27 18:35:30,915] [INFO] Safe to accelerate: v_ego = 0.25 < min(v_target, v_safe) = 1.66
[2025-06-27 18:35:30,915] [INFO] acc = 2
[2025-06-27 18:35:30,915] [INFO] VehicleControl(throttle=0.500000, steer=0.000000, brake=0.000000, hand_brake=False, reverse=False, manual_gear_shift=False, gear=0)
[2025-06-27 18:35:31,199] [INFO] tick: 494, speed: 0.4319641888141632, pos: 78.36170196533203
[2025-06-27 18:35:31,199] [INFO] Safe to accelerate: v_ego = 0.43 < min(v_target, v_safe) = 1.60
[2025-06-27 18:35:31,199] [INFO] acc = 2
[2025-06-27 18:35:31,199] [INFO] VehicleControl(throttle=0.500000, steer=0.000000, brake=0.000000, hand_brake=False, reverse=False, manual_gear_shift=False, gear=0)
[2025-06-27 18:35:31,480] [INFO] tick: 495, speed: 0.652361273765564, pos: 78.44652557373047
[2025-06-27 18:35:31,481] [INFO] mpc control with min decceleration -0.3844579002298674
[2025-06-27 18:35:31,481] [INFO] acc = -0.3844579002298674
[2025-06-27 18:35:31,481] [INFO] VehicleControl(throttle=0.000000, steer=0.000000, brake=0.076892, hand_brake=False, reverse=False, manual_gear_shift=False, gear=0)
[2025-06-27 18:35:31,763] [INFO] tick: 496, speed: 0.595193088054657, pos: 78.5562973022461
[2025-06-27 18:35:31,763] [INFO] mpc control with min decceleration -0.39920290530273195
[2025-06-27 18:35:31,763] [INFO] acc = -0.39920290530273195
[2025-06-27 18:35:31,763] [INFO] VehicleControl(throttle=0.000000, steer=0.000000, brake=0.079841, hand_brake=False, reverse=False, manual_gear_shift=False, gear=0)
[2025-06-27 18:35:32,044] [INFO] tick: 497, speed: -4.6631263103336096e-05, pos: 78.56575775146484
[2025-06-27 18:35:32,045] [INFO] Safe to accelerate: v_ego = -0.00 < min(v_target, v_safe) = 1.32
[2025-06-27 18:35:32,045] [INFO] acc = 2
[2025-06-27 18:35:32,045] [INFO] VehicleControl(throttle=0.500000, steer=0.000000, brake=0.000000, hand_brake=False, reverse=False, manual_gear_shift=False, gear=0)
[2025-06-27 18:35:32,327] [INFO] tick: 498, speed: -0.01876085251569748, pos: 78.5665054321289
[2025-06-27 18:35:32,327] [INFO] Safe to accelerate: v_ego = -0.02 < min(v_target, v_safe) = 1.32
[2025-06-27 18:35:32,327] [INFO] acc = 2
[2025-06-27 18:35:32,327] [INFO] VehicleControl(throttle=0.500000, steer=0.000000, brake=0.000000, hand_brake=False, reverse=False, manual_gear_shift=False, gear=0)
[2025-06-27 18:35:32,608] [INFO] tick: 499, speed: 0.059889327734708786, pos: 78.57279205322266
[2025-06-27 18:35:32,609] [INFO] Safe to accelerate: v_ego = 0.06 < min(v_target, v_safe) = 1.31
[2025-06-27 18:35:32,609] [INFO] acc = 2
[2025-06-27 18:35:32,609] [INFO] VehicleControl(throttle=0.500000, steer=0.000000, brake=0.000000, hand_brake=False, reverse=False, manual_gear_shift=False, gear=0)
[2025-06-27 18:35:32,895] [INFO] tick: 500, speed: 0.29487407207489014, pos: 78.5992202758789
[2025-06-27 18:35:32,895] [INFO] Safe to accelerate: v_ego = 0.29 < min(v_target, v_safe) = 1.27
[2025-06-27 18:35:32,895] [INFO] acc = 2
[2025-06-27 18:35:32,895] [INFO] VehicleControl(throttle=0.500000, steer=0.000000, brake=0.000000, hand_brake=False, reverse=False, manual_gear_shift=False, gear=0)
[2025-06-27 18:35:33,175] [INFO] tick: 501, speed: 0.5343378186225891, pos: 78.65924835205078
[2025-06-27 18:35:33,176] [INFO] mpc control with min decceleration -0.4189516120152363
[2025-06-27 18:35:33,176] [INFO] acc = -0.4189516120152363
[2025-06-27 18:35:33,176] [INFO] VehicleControl(throttle=0.000000, steer=0.000000, brake=0.083790, hand_brake=False, reverse=False, manual_gear_shift=False, gear=0)
[2025-06-27 18:35:33,443] [INFO] tick: 502, speed: 0.17176376283168793, pos: 78.73633575439453
[2025-06-27 18:35:33,443] [INFO] Safe to accelerate: v_ego = 0.17 < min(v_target, v_safe) = 1.03
[2025-06-27 18:35:33,443] [INFO] acc = 2
[2025-06-27 18:35:33,443] [INFO] VehicleControl(throttle=0.500000, steer=0.000000, brake=0.000000, hand_brake=False, reverse=False, manual_gear_shift=False, gear=0)
[2025-06-27 18:35:33,706] [INFO] tick: 503, speed: -0.005059123504906893, pos: 78.73748016357422
[2025-06-27 18:35:33,706] [INFO] Safe to accelerate: v_ego = -0.01 < min(v_target, v_safe) = 1.02
[2025-06-27 18:35:33,706] [INFO] acc = 2
[2025-06-27 18:35:33,706] [INFO] VehicleControl(throttle=0.500000, steer=0.000000, brake=0.000000, hand_brake=False, reverse=False, manual_gear_shift=False, gear=0)
[2025-06-27 18:35:33,949] [INFO] tick: 504, speed: 0.19374404847621918, pos: 78.7552719116211
[2025-06-27 18:35:33,950] [INFO] Safe to accelerate: v_ego = 0.19 < min(v_target, v_safe) = 0.99
[2025-06-27 18:35:33,950] [INFO] acc = 2
[2025-06-27 18:35:33,950] [INFO] VehicleControl(throttle=0.500000, steer=0.000000, brake=0.000000, hand_brake=False, reverse=False, manual_gear_shift=False, gear=0)
[2025-06-27 18:35:34,219] [INFO] tick: 505, speed: 0.41218703985214233, pos: 78.80371856689453
[2025-06-27 18:35:34,220] [INFO] Safe to accelerate: v_ego = 0.41 < min(v_target, v_safe) = 0.89
[2025-06-27 18:35:34,220] [INFO] acc = 2
[2025-06-27 18:35:34,220] [INFO] VehicleControl(throttle=0.500000, steer=0.000000, brake=0.000000, hand_brake=False, reverse=False, manual_gear_shift=False, gear=0)
[2025-06-27 18:35:34,475] [INFO] tick: 506, speed: 0.6261543035507202, pos: 78.88607025146484
[2025-06-27 18:35:34,475] [INFO] mpc control with min decceleration -1.7206621488070055
[2025-06-27 18:35:34,475] [INFO] acc = -1.7206621488070055
[2025-06-27 18:35:34,475] [INFO] VehicleControl(throttle=0.000000, steer=0.000000, brake=0.344132, hand_brake=False, reverse=False, manual_gear_shift=False, gear=0)
[2025-06-27 18:35:34,752] [INFO] tick: 507, speed: 0.22439312934875488, pos: 78.98006439208984
[2025-06-27 18:35:34,752] [INFO] Hold: v_ego = 0.22 within safe margin
[2025-06-27 18:35:34,752] [INFO] acc = 0.0
[2025-06-27 18:35:34,752] [INFO] VehicleControl(throttle=0.000000, steer=0.000000, brake=0.000000, hand_brake=False, reverse=False, manual_gear_shift=False, gear=0)
[2025-06-27 18:35:35,057] [INFO] tick: 508, speed: 9.885311010293663e-05, pos: 78.9825210571289
[2025-06-27 18:35:35,058] [INFO] Safe to accelerate: v_ego = 0.00 < min(v_target, v_safe) = 0.26
[2025-06-27 18:35:35,058] [INFO] acc = 2
[2025-06-27 18:35:35,058] [INFO] VehicleControl(throttle=0.500000, steer=0.000000, brake=0.000000, hand_brake=False, reverse=False, manual_gear_shift=False, gear=0)
[2025-06-27 18:35:35,299] [INFO] tick: 509, speed: 0.13048100471496582, pos: 78.9968032836914
[2025-06-27 18:35:35,300] [INFO] Hold: v_ego = 0.13 within safe margin
[2025-06-27 18:35:35,300] [INFO] acc = 0.0
[2025-06-27 18:35:35,300] [INFO] VehicleControl(throttle=0.000000, steer=0.000000, brake=0.000000, hand_brake=False, reverse=False, manual_gear_shift=False, gear=0)
[2025-06-27 18:35:35,558] [INFO] tick: 510, speed: 0.1232057437300682, pos: 79.00720977783203
[2025-06-27 18:35:35,558] [INFO] nominal control to pass intersection
[2025-06-27 18:35:35,558] [INFO] acc = -2
[2025-06-27 18:35:35,558] [INFO] VehicleControl(throttle=0.000000, steer=0.000000, brake=0.400000, hand_brake=False, reverse=False, manual_gear_shift=False, gear=0)
[2025-06-27 18:35:35,793] [INFO] tick: 511, speed: 0.002726230537518859, pos: 79.03597259521484
[2025-06-27 18:35:35,794] [INFO] nominal control to pass intersection
[2025-06-27 18:35:35,794] [INFO] acc = -2
[2025-06-27 18:35:35,794] [INFO] VehicleControl(throttle=0.000000, steer=0.000000, brake=0.400000, hand_brake=False, reverse=False, manual_gear_shift=False, gear=0)
[2025-06-27 18:35:36,031] [INFO] tick: 512, speed: -1.596510992385447e-05, pos: 79.03595733642578
[2025-06-27 18:35:36,031] [INFO] nominal control to pass intersection
[2025-06-27 18:35:36,031] [INFO] acc = -2
[2025-06-27 18:35:36,031] [INFO] VehicleControl(throttle=0.000000, steer=0.000000, brake=0.400000, hand_brake=False, reverse=False, manual_gear_shift=False, gear=0)
[2025-06-27 18:35:36,402] [INFO] tick: 513, speed: -1.101232373912353e-05, pos: 79.03597259521484
[2025-06-27 18:35:36,402] [INFO] nominal control to pass intersection
[2025-06-27 18:35:36,402] [INFO] acc = -2
[2025-06-27 18:35:36,402] [INFO] VehicleControl(throttle=0.000000, steer=0.000000, brake=0.400000, hand_brake=False, reverse=False, manual_gear_shift=False, gear=0)
[2025-06-27 18:35:36,867] [INFO] tick: 514, speed: 0.0, pos: 79.03597259521484
[2025-06-27 18:35:36,867] [INFO] nominal control to pass intersection
[2025-06-27 18:35:36,867] [INFO] acc = -2
[2025-06-27 18:35:36,867] [INFO] VehicleControl(throttle=0.000000, steer=0.000000, brake=0.400000, hand_brake=False, reverse=False, manual_gear_shift=False, gear=0)
[2025-06-27 18:35:37,315] [INFO] tick: 515, speed: 0.0, pos: 79.03597259521484
[2025-06-27 18:35:37,315] [INFO] nominal control to pass intersection
[2025-06-27 18:35:37,315] [INFO] acc = -2
[2025-06-27 18:35:37,315] [INFO] VehicleControl(throttle=0.000000, steer=0.000000, brake=0.400000, hand_brake=False, reverse=False, manual_gear_shift=False, gear=0)
[2025-06-27 18:35:37,582] [INFO] tick: 516, speed: 0.0, pos: 79.03597259521484
[2025-06-27 18:35:37,582] [INFO] nominal control to pass intersection
[2025-06-27 18:35:37,582] [INFO] acc = -2
[2025-06-27 18:35:37,582] [INFO] VehicleControl(throttle=0.000000, steer=0.000000, brake=0.400000, hand_brake=False, reverse=False, manual_gear_shift=False, gear=0)
[2025-06-27 18:35:37,904] [INFO] tick: 517, speed: 0.0, pos: 79.03597259521484
[2025-06-27 18:35:37,904] [INFO] nominal control to pass intersection
[2025-06-27 18:35:37,905] [INFO] acc = -2
[2025-06-27 18:35:37,905] [INFO] VehicleControl(throttle=0.000000, steer=0.000000, brake=0.400000, hand_brake=False, reverse=False, manual_gear_shift=False, gear=0)
[2025-06-27 18:35:38,145] [INFO] tick: 518, speed: 0.0, pos: 79.03597259521484
[2025-06-27 18:35:38,146] [INFO] nominal control to pass intersection
[2025-06-27 18:35:38,146] [INFO] acc = -2
[2025-06-27 18:35:38,146] [INFO] VehicleControl(throttle=0.000000, steer=0.000000, brake=0.400000, hand_brake=False, reverse=False, manual_gear_shift=False, gear=0)
[2025-06-27 18:35:38,393] [INFO] tick: 519, speed: 0.0, pos: 79.03597259521484
[2025-06-27 18:35:38,394] [INFO] nominal control to pass intersection
[2025-06-27 18:35:38,394] [INFO] acc = -2
[2025-06-27 18:35:38,394] [INFO] VehicleControl(throttle=0.000000, steer=0.000000, brake=0.400000, hand_brake=False, reverse=False, manual_gear_shift=False, gear=0)
[2025-06-27 18:35:38,634] [INFO] tick: 520, speed: 0.0, pos: 79.03597259521484
[2025-06-27 18:35:38,634] [INFO] nominal control to pass intersection
[2025-06-27 18:35:38,634] [INFO] acc = -2
[2025-06-27 18:35:38,634] [INFO] VehicleControl(throttle=0.000000, steer=0.000000, brake=0.400000, hand_brake=False, reverse=False, manual_gear_shift=False, gear=0)
[2025-06-27 18:35:38,868] [INFO] tick: 521, speed: 0.0, pos: 79.03597259521484
[2025-06-27 18:35:38,868] [INFO] nominal control to pass intersection
[2025-06-27 18:35:38,868] [INFO] acc = -2
[2025-06-27 18:35:38,868] [INFO] VehicleControl(throttle=0.000000, steer=0.000000, brake=0.400000, hand_brake=False, reverse=False, manual_gear_shift=False, gear=0)
[2025-06-27 18:35:39,112] [INFO] tick: 522, speed: 0.0, pos: 79.03597259521484
[2025-06-27 18:35:39,112] [INFO] nominal control to pass intersection
[2025-06-27 18:35:39,113] [INFO] acc = -2
[2025-06-27 18:35:39,113] [INFO] VehicleControl(throttle=0.000000, steer=0.000000, brake=0.400000, hand_brake=False, reverse=False, manual_gear_shift=False, gear=0)
[2025-06-27 18:35:39,349] [INFO] tick: 523, speed: 0.0, pos: 79.03597259521484
[2025-06-27 18:35:39,350] [INFO] nominal control to pass intersection
[2025-06-27 18:35:39,350] [INFO] acc = -2
[2025-06-27 18:35:39,350] [INFO] VehicleControl(throttle=0.000000, steer=0.000000, brake=0.400000, hand_brake=False, reverse=False, manual_gear_shift=False, gear=0)
[2025-06-27 18:35:39,580] [INFO] tick: 524, speed: 0.0, pos: 79.03597259521484
[2025-06-27 18:35:39,581] [INFO] nominal control to pass intersection
[2025-06-27 18:35:39,581] [INFO] acc = -2
[2025-06-27 18:35:39,581] [INFO] VehicleControl(throttle=0.000000, steer=0.000000, brake=0.400000, hand_brake=False, reverse=False, manual_gear_shift=False, gear=0)
[2025-06-27 18:35:39,813] [INFO] tick: 525, speed: 0.0, pos: 79.03597259521484
[2025-06-27 18:35:39,813] [INFO] nominal control to pass intersection
[2025-06-27 18:35:39,813] [INFO] acc = -2
[2025-06-27 18:35:39,813] [INFO] VehicleControl(throttle=0.000000, steer=0.000000, brake=0.400000, hand_brake=False, reverse=False, manual_gear_shift=False, gear=0)
[2025-06-27 18:35:40,045] [INFO] tick: 526, speed: 0.0, pos: 79.03597259521484
[2025-06-27 18:35:40,045] [INFO] nominal control to pass intersection
[2025-06-27 18:35:40,045] [INFO] acc = -2
[2025-06-27 18:35:40,045] [INFO] VehicleControl(throttle=0.000000, steer=0.000000, brake=0.400000, hand_brake=False, reverse=False, manual_gear_shift=False, gear=0)
[2025-06-27 18:35:40,277] [INFO] tick: 527, speed: 0.0, pos: 79.03597259521484
[2025-06-27 18:35:40,277] [INFO] nominal control to pass intersection
[2025-06-27 18:35:40,277] [INFO] acc = -2
[2025-06-27 18:35:40,277] [INFO] VehicleControl(throttle=0.000000, steer=0.000000, brake=0.400000, hand_brake=False, reverse=False, manual_gear_shift=False, gear=0)
[2025-06-27 18:35:40,521] [INFO] tick: 528, speed: 0.0, pos: 79.03597259521484
[2025-06-27 18:35:40,521] [INFO] nominal control to pass intersection
[2025-06-27 18:35:40,521] [INFO] acc = -2
[2025-06-27 18:35:40,521] [INFO] VehicleControl(throttle=0.000000, steer=0.000000, brake=0.400000, hand_brake=False, reverse=False, manual_gear_shift=False, gear=0)
[2025-06-27 18:35:40,763] [INFO] tick: 529, speed: 0.0, pos: 79.03597259521484
[2025-06-27 18:35:40,764] [INFO] nominal control to pass intersection
[2025-06-27 18:35:40,764] [INFO] acc = -2
[2025-06-27 18:35:40,764] [INFO] VehicleControl(throttle=0.000000, steer=0.000000, brake=0.400000, hand_brake=False, reverse=False, manual_gear_shift=False, gear=0)
[2025-06-27 18:35:41,004] [INFO] tick: 530, speed: 0.0, pos: 79.03597259521484
[2025-06-27 18:35:41,004] [INFO] nominal control to pass intersection
[2025-06-27 18:35:41,004] [INFO] acc = -2
[2025-06-27 18:35:41,004] [INFO] VehicleControl(throttle=0.000000, steer=0.000000, brake=0.400000, hand_brake=False, reverse=False, manual_gear_shift=False, gear=0)
[2025-06-27 18:35:41,250] [INFO] tick: 531, speed: 0.0, pos: 79.03597259521484
[2025-06-27 18:35:41,250] [INFO] nominal control to pass intersection
[2025-06-27 18:35:41,250] [INFO] acc = -2
[2025-06-27 18:35:41,250] [INFO] VehicleControl(throttle=0.000000, steer=0.000000, brake=0.400000, hand_brake=False, reverse=False, manual_gear_shift=False, gear=0)
[2025-06-27 18:35:41,485] [INFO] tick: 532, speed: 0.0, pos: 79.03597259521484
[2025-06-27 18:35:41,485] [INFO] nominal control to pass intersection
[2025-06-27 18:35:41,485] [INFO] acc = -2
[2025-06-27 18:35:41,485] [INFO] VehicleControl(throttle=0.000000, steer=0.000000, brake=0.400000, hand_brake=False, reverse=False, manual_gear_shift=False, gear=0)
[2025-06-27 18:35:41,722] [INFO] tick: 533, speed: 0.0, pos: 79.03597259521484
[2025-06-27 18:35:41,722] [INFO] nominal control to pass intersection
[2025-06-27 18:35:41,722] [INFO] acc = -2
[2025-06-27 18:35:41,722] [INFO] VehicleControl(throttle=0.000000, steer=0.000000, brake=0.400000, hand_brake=False, reverse=False, manual_gear_shift=False, gear=0)
[2025-06-27 18:35:41,954] [INFO] tick: 534, speed: 0.0, pos: 79.03597259521484
[2025-06-27 18:35:41,954] [INFO] nominal control to pass intersection
[2025-06-27 18:35:41,954] [INFO] acc = -2
[2025-06-27 18:35:41,954] [INFO] VehicleControl(throttle=0.000000, steer=0.000000, brake=0.400000, hand_brake=False, reverse=False, manual_gear_shift=False, gear=0)
[2025-06-27 18:35:42,195] [INFO] tick: 535, speed: 0.0, pos: 79.03597259521484
[2025-06-27 18:35:42,195] [INFO] nominal control to pass intersection
[2025-06-27 18:35:42,195] [INFO] acc = -2
[2025-06-27 18:35:42,195] [INFO] VehicleControl(throttle=0.000000, steer=0.000000, brake=0.400000, hand_brake=False, reverse=False, manual_gear_shift=False, gear=0)
[2025-06-27 18:35:42,440] [INFO] tick: 536, speed: 0.0, pos: 79.03597259521484
[2025-06-27 18:35:42,440] [INFO] nominal control to pass intersection
[2025-06-27 18:35:42,440] [INFO] acc = -2
[2025-06-27 18:35:42,441] [INFO] VehicleControl(throttle=0.000000, steer=0.000000, brake=0.400000, hand_brake=False, reverse=False, manual_gear_shift=False, gear=0)
[2025-06-27 18:35:42,688] [INFO] tick: 537, speed: 0.0, pos: 79.03597259521484
[2025-06-27 18:35:42,688] [INFO] nominal control to pass intersection
[2025-06-27 18:35:42,688] [INFO] acc = -2
[2025-06-27 18:35:42,688] [INFO] VehicleControl(throttle=0.000000, steer=0.000000, brake=0.400000, hand_brake=False, reverse=False, manual_gear_shift=False, gear=0)
[2025-06-27 18:35:42,932] [INFO] tick: 538, speed: 0.0, pos: 79.03597259521484
[2025-06-27 18:35:42,932] [INFO] nominal control to pass intersection
[2025-06-27 18:35:42,932] [INFO] acc = -2
[2025-06-27 18:35:42,932] [INFO] VehicleControl(throttle=0.000000, steer=0.000000, brake=0.400000, hand_brake=False, reverse=False, manual_gear_shift=False, gear=0)
[2025-06-27 18:35:43,171] [INFO] tick: 539, speed: 0.0, pos: 79.03597259521484
[2025-06-27 18:35:43,171] [INFO] nominal control to pass intersection
[2025-06-27 18:35:43,171] [INFO] acc = -2
[2025-06-27 18:35:43,171] [INFO] VehicleControl(throttle=0.000000, steer=0.000000, brake=0.400000, hand_brake=False, reverse=False, manual_gear_shift=False, gear=0)
[2025-06-27 18:35:43,417] [INFO] tick: 540, speed: 0.0, pos: 79.03597259521484
[2025-06-27 18:35:43,418] [INFO] nominal control to pass intersection
[2025-06-27 18:35:43,418] [INFO] acc = -2
[2025-06-27 18:35:43,418] [INFO] VehicleControl(throttle=0.000000, steer=0.000000, brake=0.400000, hand_brake=False, reverse=False, manual_gear_shift=False, gear=0)
[2025-06-27 18:35:43,668] [INFO] tick: 541, speed: 0.0, pos: 79.03597259521484
[2025-06-27 18:35:43,668] [INFO] nominal control to pass intersection
[2025-06-27 18:35:43,668] [INFO] acc = -2
[2025-06-27 18:35:43,668] [INFO] VehicleControl(throttle=0.000000, steer=0.000000, brake=0.400000, hand_brake=False, reverse=False, manual_gear_shift=False, gear=0)
[2025-06-27 18:35:43,915] [INFO] tick: 542, speed: 0.0, pos: 79.03597259521484
[2025-06-27 18:35:43,916] [INFO] nominal control to pass intersection
[2025-06-27 18:35:43,916] [INFO] acc = -2
[2025-06-27 18:35:43,916] [INFO] VehicleControl(throttle=0.000000, steer=0.000000, brake=0.400000, hand_brake=False, reverse=False, manual_gear_shift=False, gear=0)
[2025-06-27 18:35:44,156] [INFO] tick: 543, speed: 0.0, pos: 79.03597259521484
[2025-06-27 18:35:44,156] [INFO] nominal control to pass intersection
[2025-06-27 18:35:44,156] [INFO] acc = -2
[2025-06-27 18:35:44,156] [INFO] VehicleControl(throttle=0.000000, steer=0.000000, brake=0.400000, hand_brake=False, reverse=False, manual_gear_shift=False, gear=0)
[2025-06-27 18:35:44,410] [INFO] tick: 544, speed: 0.0, pos: 79.03597259521484
[2025-06-27 18:35:44,410] [INFO] nominal control to pass intersection
[2025-06-27 18:35:44,410] [INFO] acc = -2
[2025-06-27 18:35:44,410] [INFO] VehicleControl(throttle=0.000000, steer=0.000000, brake=0.400000, hand_brake=False, reverse=False, manual_gear_shift=False, gear=0)
[2025-06-27 18:35:44,648] [INFO] tick: 545, speed: 0.0, pos: 79.03597259521484
[2025-06-27 18:35:44,648] [INFO] nominal control to pass intersection
[2025-06-27 18:35:44,648] [INFO] acc = -2
[2025-06-27 18:35:44,648] [INFO] VehicleControl(throttle=0.000000, steer=0.000000, brake=0.400000, hand_brake=False, reverse=False, manual_gear_shift=False, gear=0)
[2025-06-27 18:35:44,879] [INFO] tick: 546, speed: 0.0, pos: 79.03597259521484
[2025-06-27 18:35:44,879] [INFO] nominal control to pass intersection
[2025-06-27 18:35:44,879] [INFO] acc = -2
[2025-06-27 18:35:44,879] [INFO] VehicleControl(throttle=0.000000, steer=0.000000, brake=0.400000, hand_brake=False, reverse=False, manual_gear_shift=False, gear=0)
[2025-06-27 18:35:45,123] [INFO] tick: 547, speed: 0.0, pos: 79.03597259521484
[2025-06-27 18:35:45,123] [INFO] nominal control to pass intersection
[2025-06-27 18:35:45,123] [INFO] acc = -2
[2025-06-27 18:35:45,124] [INFO] VehicleControl(throttle=0.000000, steer=0.000000, brake=0.400000, hand_brake=False, reverse=False, manual_gear_shift=False, gear=0)
[2025-06-27 18:35:45,353] [INFO] tick: 548, speed: 0.0, pos: 79.03597259521484
[2025-06-27 18:35:45,353] [INFO] nominal control to pass intersection
[2025-06-27 18:35:45,353] [INFO] acc = -2
[2025-06-27 18:35:45,353] [INFO] VehicleControl(throttle=0.000000, steer=0.000000, brake=0.400000, hand_brake=False, reverse=False, manual_gear_shift=False, gear=0)
[2025-06-27 18:35:45,597] [INFO] tick: 549, speed: 0.0, pos: 79.03597259521484
[2025-06-27 18:35:45,598] [INFO] nominal control to pass intersection
[2025-06-27 18:35:45,598] [INFO] acc = -2
[2025-06-27 18:35:45,598] [INFO] VehicleControl(throttle=0.000000, steer=0.000000, brake=0.400000, hand_brake=False, reverse=False, manual_gear_shift=False, gear=0)
[2025-06-27 18:35:45,828] [INFO] tick: 550, speed: 0.0, pos: 79.03597259521484
[2025-06-27 18:35:45,829] [INFO] nominal control to pass intersection
[2025-06-27 18:35:45,829] [INFO] acc = -2
[2025-06-27 18:35:45,829] [INFO] VehicleControl(throttle=0.000000, steer=0.000000, brake=0.400000, hand_brake=False, reverse=False, manual_gear_shift=False, gear=0)
[2025-06-27 18:35:46,060] [INFO] tick: 551, speed: 0.0, pos: 79.03597259521484
[2025-06-27 18:35:46,061] [INFO] nominal control to pass intersection
[2025-06-27 18:35:46,061] [INFO] acc = -2
[2025-06-27 18:35:46,061] [INFO] VehicleControl(throttle=0.000000, steer=0.000000, brake=0.400000, hand_brake=False, reverse=False, manual_gear_shift=False, gear=0)
[2025-06-27 18:35:46,299] [INFO] tick: 552, speed: 0.0, pos: 79.03597259521484
[2025-06-27 18:35:46,299] [INFO] nominal control to pass intersection
[2025-06-27 18:35:46,299] [INFO] acc = -2
[2025-06-27 18:35:46,299] [INFO] VehicleControl(throttle=0.000000, steer=0.000000, brake=0.400000, hand_brake=False, reverse=False, manual_gear_shift=False, gear=0)
[2025-06-27 18:35:46,531] [INFO] tick: 553, speed: 0.0, pos: 79.03597259521484
[2025-06-27 18:35:46,531] [INFO] nominal control to pass intersection
[2025-06-27 18:35:46,531] [INFO] acc = -2
[2025-06-27 18:35:46,532] [INFO] VehicleControl(throttle=0.000000, steer=0.000000, brake=0.400000, hand_brake=False, reverse=False, manual_gear_shift=False, gear=0)
[2025-06-27 18:35:46,783] [INFO] tick: 554, speed: 0.0, pos: 79.03597259521484
[2025-06-27 18:35:46,783] [INFO] nominal control to pass intersection
[2025-06-27 18:35:46,783] [INFO] acc = -2
[2025-06-27 18:35:46,783] [INFO] VehicleControl(throttle=0.000000, steer=0.000000, brake=0.400000, hand_brake=False, reverse=False, manual_gear_shift=False, gear=0)
[2025-06-27 18:35:47,024] [INFO] tick: 555, speed: 0.0, pos: 79.03597259521484
[2025-06-27 18:35:47,024] [INFO] nominal control to pass intersection
[2025-06-27 18:35:47,024] [INFO] acc = -2
[2025-06-27 18:35:47,024] [INFO] VehicleControl(throttle=0.000000, steer=0.000000, brake=0.400000, hand_brake=False, reverse=False, manual_gear_shift=False, gear=0)
[2025-06-27 18:35:47,266] [INFO] tick: 556, speed: 0.0, pos: 79.03597259521484
[2025-06-27 18:35:47,266] [INFO] nominal control to pass intersection
[2025-06-27 18:35:47,266] [INFO] acc = -2
[2025-06-27 18:35:47,266] [INFO] VehicleControl(throttle=0.000000, steer=0.000000, brake=0.400000, hand_brake=False, reverse=False, manual_gear_shift=False, gear=0)
[2025-06-27 18:35:47,497] [INFO] tick: 557, speed: 0.0, pos: 79.03597259521484
[2025-06-27 18:35:47,497] [INFO] nominal control to pass intersection
[2025-06-27 18:35:47,497] [INFO] acc = -2
[2025-06-27 18:35:47,497] [INFO] VehicleControl(throttle=0.000000, steer=0.000000, brake=0.400000, hand_brake=False, reverse=False, manual_gear_shift=False, gear=0)
[2025-06-27 18:35:47,726] [INFO] tick: 558, speed: 0.0, pos: 79.03597259521484
[2025-06-27 18:35:47,726] [INFO] nominal control to pass intersection
[2025-06-27 18:35:47,726] [INFO] acc = -2
[2025-06-27 18:35:47,726] [INFO] VehicleControl(throttle=0.000000, steer=0.000000, brake=0.400000, hand_brake=False, reverse=False, manual_gear_shift=False, gear=0)
[2025-06-27 18:35:47,957] [INFO] tick: 559, speed: 0.0, pos: 79.03597259521484
[2025-06-27 18:35:47,958] [INFO] nominal control to pass intersection
[2025-06-27 18:35:47,958] [INFO] acc = -2
[2025-06-27 18:35:47,958] [INFO] VehicleControl(throttle=0.000000, steer=0.000000, brake=0.400000, hand_brake=False, reverse=False, manual_gear_shift=False, gear=0)
[2025-06-27 18:35:48,201] [INFO] tick: 560, speed: 0.0, pos: 79.03597259521484
[2025-06-27 18:35:48,201] [INFO] nominal control to pass intersection
[2025-06-27 18:35:48,201] [INFO] acc = -2
[2025-06-27 18:35:48,201] [INFO] VehicleControl(throttle=0.000000, steer=0.000000, brake=0.400000, hand_brake=False, reverse=False, manual_gear_shift=False, gear=0)
[2025-06-27 18:35:48,432] [INFO] tick: 561, speed: 0.0, pos: 79.03597259521484
[2025-06-27 18:35:48,432] [INFO] nominal control to pass intersection
[2025-06-27 18:35:48,432] [INFO] acc = -2
[2025-06-27 18:35:48,432] [INFO] VehicleControl(throttle=0.000000, steer=0.000000, brake=0.400000, hand_brake=False, reverse=False, manual_gear_shift=False, gear=0)
[2025-06-27 18:35:48,664] [INFO] tick: 562, speed: 0.0, pos: 79.03597259521484
[2025-06-27 18:35:48,664] [INFO] nominal control to pass intersection
[2025-06-27 18:35:48,664] [INFO] acc = -2
[2025-06-27 18:35:48,664] [INFO] VehicleControl(throttle=0.000000, steer=0.000000, brake=0.400000, hand_brake=False, reverse=False, manual_gear_shift=False, gear=0)
[2025-06-27 18:35:48,900] [INFO] tick: 563, speed: 0.0, pos: 79.03597259521484
[2025-06-27 18:35:48,900] [INFO] nominal control to pass intersection
[2025-06-27 18:35:48,901] [INFO] acc = -2
[2025-06-27 18:35:48,901] [INFO] VehicleControl(throttle=0.000000, steer=0.000000, brake=0.400000, hand_brake=False, reverse=False, manual_gear_shift=False, gear=0)
[2025-06-27 18:35:49,145] [INFO] tick: 564, speed: 0.0, pos: 79.03597259521484
[2025-06-27 18:35:49,145] [INFO] nominal control to pass intersection
[2025-06-27 18:35:49,145] [INFO] acc = -2
[2025-06-27 18:35:49,145] [INFO] VehicleControl(throttle=0.000000, steer=0.000000, brake=0.400000, hand_brake=False, reverse=False, manual_gear_shift=False, gear=0)
[2025-06-27 18:35:49,401] [INFO] tick: 565, speed: 0.0, pos: 79.03597259521484
[2025-06-27 18:35:49,401] [INFO] nominal control to pass intersection
[2025-06-27 18:35:49,401] [INFO] acc = -2
[2025-06-27 18:35:49,401] [INFO] VehicleControl(throttle=0.000000, steer=0.000000, brake=0.400000, hand_brake=False, reverse=False, manual_gear_shift=False, gear=0)
[2025-06-27 18:35:49,643] [INFO] tick: 566, speed: 0.0, pos: 79.03597259521484
[2025-06-27 18:35:49,643] [INFO] nominal control to pass intersection
[2025-06-27 18:35:49,643] [INFO] acc = -2
[2025-06-27 18:35:49,643] [INFO] VehicleControl(throttle=0.000000, steer=0.000000, brake=0.400000, hand_brake=False, reverse=False, manual_gear_shift=False, gear=0)
[2025-06-27 18:35:49,897] [INFO] tick: 567, speed: 0.0, pos: 79.03597259521484
[2025-06-27 18:35:49,897] [INFO] nominal control to pass intersection
[2025-06-27 18:35:49,897] [INFO] acc = -2
[2025-06-27 18:35:49,898] [INFO] VehicleControl(throttle=0.000000, steer=0.000000, brake=0.400000, hand_brake=False, reverse=False, manual_gear_shift=False, gear=0)
[2025-06-27 18:35:50,136] [INFO] tick: 568, speed: 0.0, pos: 79.03597259521484
[2025-06-27 18:35:50,137] [INFO] nominal control to pass intersection
[2025-06-27 18:35:50,137] [INFO] acc = -2
[2025-06-27 18:35:50,137] [INFO] VehicleControl(throttle=0.000000, steer=0.000000, brake=0.400000, hand_brake=False, reverse=False, manual_gear_shift=False, gear=0)
[2025-06-27 18:35:50,369] [INFO] tick: 569, speed: 0.0, pos: 79.03597259521484
[2025-06-27 18:35:50,369] [INFO] nominal control to pass intersection
[2025-06-27 18:35:50,369] [INFO] acc = -2
[2025-06-27 18:35:50,369] [INFO] VehicleControl(throttle=0.000000, steer=0.000000, brake=0.400000, hand_brake=False, reverse=False, manual_gear_shift=False, gear=0)
[2025-06-27 18:35:50,614] [INFO] tick: 570, speed: 0.0, pos: 79.03597259521484
[2025-06-27 18:35:50,614] [INFO] nominal control to pass intersection
[2025-06-27 18:35:50,614] [INFO] acc = -2
[2025-06-27 18:35:50,614] [INFO] VehicleControl(throttle=0.000000, steer=0.000000, brake=0.400000, hand_brake=False, reverse=False, manual_gear_shift=False, gear=0)
[2025-06-27 18:35:50,852] [INFO] tick: 571, speed: 0.0, pos: 79.03597259521484
[2025-06-27 18:35:50,852] [INFO] nominal control to pass intersection
[2025-06-27 18:35:50,852] [INFO] acc = -2
[2025-06-27 18:35:50,852] [INFO] VehicleControl(throttle=0.000000, steer=0.000000, brake=0.400000, hand_brake=False, reverse=False, manual_gear_shift=False, gear=0)
[2025-06-27 18:35:51,093] [INFO] tick: 572, speed: 0.0, pos: 79.03597259521484
[2025-06-27 18:35:51,093] [INFO] nominal control to pass intersection
[2025-06-27 18:35:51,093] [INFO] acc = -2
[2025-06-27 18:35:51,093] [INFO] VehicleControl(throttle=0.000000, steer=0.000000, brake=0.400000, hand_brake=False, reverse=False, manual_gear_shift=False, gear=0)
[2025-06-27 18:35:51,344] [INFO] tick: 573, speed: 0.0, pos: 79.03597259521484
[2025-06-27 18:35:51,345] [INFO] nominal control to pass intersection
[2025-06-27 18:35:51,345] [INFO] acc = -2
[2025-06-27 18:35:51,345] [INFO] VehicleControl(throttle=0.000000, steer=0.000000, brake=0.400000, hand_brake=False, reverse=False, manual_gear_shift=False, gear=0)
[2025-06-27 18:35:51,591] [INFO] tick: 574, speed: 0.0, pos: 79.03597259521484
[2025-06-27 18:35:51,592] [INFO] nominal control to pass intersection
[2025-06-27 18:35:51,592] [INFO] acc = -2
[2025-06-27 18:35:51,592] [INFO] VehicleControl(throttle=0.000000, steer=0.000000, brake=0.400000, hand_brake=False, reverse=False, manual_gear_shift=False, gear=0)
[2025-06-27 18:35:51,829] [INFO] tick: 575, speed: 0.0, pos: 79.03597259521484
[2025-06-27 18:35:51,829] [INFO] nominal control to pass intersection
[2025-06-27 18:35:51,829] [INFO] acc = -2
[2025-06-27 18:35:51,829] [INFO] VehicleControl(throttle=0.000000, steer=0.000000, brake=0.400000, hand_brake=False, reverse=False, manual_gear_shift=False, gear=0)
[2025-06-27 18:35:52,060] [INFO] tick: 576, speed: 0.0, pos: 79.03597259521484
[2025-06-27 18:35:52,061] [INFO] nominal control to pass intersection
[2025-06-27 18:35:52,061] [INFO] acc = -2
[2025-06-27 18:35:52,061] [INFO] VehicleControl(throttle=0.000000, steer=0.000000, brake=0.400000, hand_brake=False, reverse=False, manual_gear_shift=False, gear=0)
[2025-06-27 18:35:52,294] [INFO] tick: 577, speed: 0.0, pos: 79.03597259521484
[2025-06-27 18:35:52,295] [INFO] nominal control to pass intersection
[2025-06-27 18:35:52,295] [INFO] acc = -2
[2025-06-27 18:35:52,295] [INFO] VehicleControl(throttle=0.000000, steer=0.000000, brake=0.400000, hand_brake=False, reverse=False, manual_gear_shift=False, gear=0)
[2025-06-27 18:35:52,541] [INFO] tick: 578, speed: 0.0, pos: 79.03597259521484
[2025-06-27 18:35:52,541] [INFO] nominal control to pass intersection
[2025-06-27 18:35:52,541] [INFO] acc = -2
[2025-06-27 18:35:52,541] [INFO] VehicleControl(throttle=0.000000, steer=0.000000, brake=0.400000, hand_brake=False, reverse=False, manual_gear_shift=False, gear=0)
[2025-06-27 18:35:52,773] [INFO] tick: 579, speed: 0.0, pos: 79.03597259521484
[2025-06-27 18:35:52,773] [INFO] nominal control to pass intersection
[2025-06-27 18:35:52,773] [INFO] acc = -2
[2025-06-27 18:35:52,773] [INFO] VehicleControl(throttle=0.000000, steer=0.000000, brake=0.400000, hand_brake=False, reverse=False, manual_gear_shift=False, gear=0)
[2025-06-27 18:35:53,009] [INFO] tick: 580, speed: 0.0, pos: 79.03597259521484
[2025-06-27 18:35:53,009] [INFO] nominal control to pass intersection
[2025-06-27 18:35:53,009] [INFO] acc = -2
[2025-06-27 18:35:53,009] [INFO] VehicleControl(throttle=0.000000, steer=0.000000, brake=0.400000, hand_brake=False, reverse=False, manual_gear_shift=False, gear=0)
[2025-06-27 18:35:53,256] [INFO] tick: 581, speed: 0.0, pos: 79.03597259521484
[2025-06-27 18:35:53,256] [INFO] nominal control to pass intersection
[2025-06-27 18:35:53,256] [INFO] acc = -2
[2025-06-27 18:35:53,256] [INFO] VehicleControl(throttle=0.000000, steer=0.000000, brake=0.400000, hand_brake=False, reverse=False, manual_gear_shift=False, gear=0)
[2025-06-27 18:35:53,500] [INFO] tick: 582, speed: 0.0, pos: 79.03597259521484
[2025-06-27 18:35:53,500] [INFO] nominal control to pass intersection
[2025-06-27 18:35:53,500] [INFO] acc = -2
[2025-06-27 18:35:53,500] [INFO] VehicleControl(throttle=0.000000, steer=0.000000, brake=0.400000, hand_brake=False, reverse=False, manual_gear_shift=False, gear=0)
[2025-06-27 18:35:53,729] [INFO] tick: 583, speed: 0.0, pos: 79.03597259521484
[2025-06-27 18:35:53,730] [INFO] nominal control to pass intersection
[2025-06-27 18:35:53,730] [INFO] acc = -2
[2025-06-27 18:35:53,730] [INFO] VehicleControl(throttle=0.000000, steer=0.000000, brake=0.400000, hand_brake=False, reverse=False, manual_gear_shift=False, gear=0)
[2025-06-27 18:35:53,971] [INFO] tick: 584, speed: 0.0, pos: 79.03597259521484
[2025-06-27 18:35:53,971] [INFO] nominal control to pass intersection
[2025-06-27 18:35:53,971] [INFO] acc = -2
[2025-06-27 18:35:53,971] [INFO] VehicleControl(throttle=0.000000, steer=0.000000, brake=0.400000, hand_brake=False, reverse=False, manual_gear_shift=False, gear=0)
[2025-06-27 18:35:54,207] [INFO] tick: 585, speed: 0.0, pos: 79.03597259521484
[2025-06-27 18:35:54,207] [INFO] nominal control to pass intersection
[2025-06-27 18:35:54,207] [INFO] acc = -2
[2025-06-27 18:35:54,207] [INFO] VehicleControl(throttle=0.000000, steer=0.000000, brake=0.400000, hand_brake=False, reverse=False, manual_gear_shift=False, gear=0)
[2025-06-27 18:35:54,450] [INFO] tick: 586, speed: 0.0, pos: 79.03597259521484
[2025-06-27 18:35:54,450] [INFO] nominal control to pass intersection
[2025-06-27 18:35:54,450] [INFO] acc = -2
[2025-06-27 18:35:54,450] [INFO] VehicleControl(throttle=0.000000, steer=0.000000, brake=0.400000, hand_brake=False, reverse=False, manual_gear_shift=False, gear=0)
[2025-06-27 18:35:54,684] [INFO] tick: 587, speed: 0.0, pos: 79.03597259521484
[2025-06-27 18:35:54,685] [INFO] nominal control to pass intersection
[2025-06-27 18:35:54,685] [INFO] acc = -2
[2025-06-27 18:35:54,685] [INFO] VehicleControl(throttle=0.000000, steer=0.000000, brake=0.400000, hand_brake=False, reverse=False, manual_gear_shift=False, gear=0)
[2025-06-27 18:35:54,915] [INFO] tick: 588, speed: 0.0, pos: 79.03597259521484
[2025-06-27 18:35:54,915] [INFO] nominal control to pass intersection
[2025-06-27 18:35:54,915] [INFO] acc = -2
[2025-06-27 18:35:54,916] [INFO] VehicleControl(throttle=0.000000, steer=0.000000, brake=0.400000, hand_brake=False, reverse=False, manual_gear_shift=False, gear=0)
[2025-06-27 18:35:55,165] [INFO] tick: 589, speed: 0.0, pos: 79.03597259521484
[2025-06-27 18:35:55,165] [INFO] nominal control to pass intersection
[2025-06-27 18:35:55,165] [INFO] acc = -2
[2025-06-27 18:35:55,166] [INFO] VehicleControl(throttle=0.000000, steer=0.000000, brake=0.400000, hand_brake=False, reverse=False, manual_gear_shift=False, gear=0)
[2025-06-27 18:35:55,414] [INFO] tick: 590, speed: 0.0, pos: 79.03597259521484
[2025-06-27 18:35:55,414] [INFO] nominal control to pass intersection
[2025-06-27 18:35:55,414] [INFO] acc = -2
[2025-06-27 18:35:55,415] [INFO] VehicleControl(throttle=0.000000, steer=0.000000, brake=0.400000, hand_brake=False, reverse=False, manual_gear_shift=False, gear=0)
[2025-06-27 18:35:55,662] [INFO] tick: 591, speed: 0.0, pos: 79.03597259521484
[2025-06-27 18:35:55,663] [INFO] nominal control to pass intersection
[2025-06-27 18:35:55,663] [INFO] acc = -2
[2025-06-27 18:35:55,663] [INFO] VehicleControl(throttle=0.000000, steer=0.000000, brake=0.400000, hand_brake=False, reverse=False, manual_gear_shift=False, gear=0)
[2025-06-27 18:35:55,895] [INFO] tick: 592, speed: 0.0, pos: 79.03597259521484
[2025-06-27 18:35:55,896] [INFO] nominal control to pass intersection
[2025-06-27 18:35:55,896] [INFO] acc = -2
[2025-06-27 18:35:55,896] [INFO] VehicleControl(throttle=0.000000, steer=0.000000, brake=0.400000, hand_brake=False, reverse=False, manual_gear_shift=False, gear=0)
[2025-06-27 18:35:56,146] [INFO] tick: 593, speed: 0.0, pos: 79.03597259521484
[2025-06-27 18:35:56,146] [INFO] nominal control to pass intersection
[2025-06-27 18:35:56,146] [INFO] acc = 2
[2025-06-27 18:35:56,146] [INFO] VehicleControl(throttle=0.500000, steer=0.000000, brake=0.000000, hand_brake=False, reverse=False, manual_gear_shift=False, gear=0)
[2025-06-27 18:35:56,380] [INFO] tick: 594, speed: -0.04696105048060417, pos: 79.03519439697266
[2025-06-27 18:35:56,380] [INFO] nominal control to pass intersection
[2025-06-27 18:35:56,380] [INFO] acc = 2
[2025-06-27 18:35:56,380] [INFO] VehicleControl(throttle=0.500000, steer=0.000000, brake=0.000000, hand_brake=False, reverse=False, manual_gear_shift=False, gear=0)
[2025-06-27 18:35:56,629] [INFO] tick: 595, speed: 0.06490416824817657, pos: 79.03717803955078
[2025-06-27 18:35:56,629] [INFO] nominal control to pass intersection
[2025-06-27 18:35:56,629] [INFO] acc = 2
[2025-06-27 18:35:56,629] [INFO] VehicleControl(throttle=0.500000, steer=0.000000, brake=0.000000, hand_brake=False, reverse=False, manual_gear_shift=False, gear=0)
[2025-06-27 18:35:56,860] [INFO] tick: 596, speed: 0.19481579959392548, pos: 79.04875946044922
[2025-06-27 18:35:56,860] [INFO] nominal control to pass intersection
[2025-06-27 18:35:56,860] [INFO] acc = 2
[2025-06-27 18:35:56,860] [INFO] VehicleControl(throttle=0.500000, steer=0.000000, brake=0.000000, hand_brake=False, reverse=False, manual_gear_shift=False, gear=0)
[2025-06-27 18:35:57,107] [INFO] tick: 597, speed: 0.39486974477767944, pos: 79.09601593017578
[2025-06-27 18:35:57,107] [INFO] nominal control to pass intersection
[2025-06-27 18:35:57,107] [INFO] acc = 2
[2025-06-27 18:35:57,108] [INFO] VehicleControl(throttle=0.500000, steer=0.000000, brake=0.000000, hand_brake=False, reverse=False, manual_gear_shift=False, gear=0)
[2025-06-27 18:35:57,358] [INFO] tick: 598, speed: 0.6422972083091736, pos: 79.17508697509766
[2025-06-27 18:35:57,358] [INFO] nominal control to pass intersection
[2025-06-27 18:35:57,359] [INFO] acc = 2
[2025-06-27 18:35:57,359] [INFO] VehicleControl(throttle=0.500000, steer=0.000000, brake=0.000000, hand_brake=False, reverse=False, manual_gear_shift=False, gear=0)
[2025-06-27 18:35:57,606] [INFO] tick: 599, speed: 0.8576227426528931, pos: 79.28815460205078
[2025-06-27 18:35:57,607] [INFO] nominal control to pass intersection
[2025-06-27 18:35:57,607] [INFO] acc = 2
[2025-06-27 18:35:57,607] [INFO] VehicleControl(throttle=0.500000, steer=0.000000, brake=0.000000, hand_brake=False, reverse=False, manual_gear_shift=False, gear=0)
[2025-06-27 18:35:57,848] [INFO] tick: 600, speed: 1.1589382886886597, pos: 79.44367218017578
[2025-06-27 18:35:57,848] [INFO] nominal control to pass intersection
[2025-06-27 18:35:57,849] [INFO] acc = 2
[2025-06-27 18:35:57,849] [INFO] VehicleControl(throttle=0.500000, steer=0.000000, brake=0.000000, hand_brake=False, reverse=False, manual_gear_shift=False, gear=0)
[2025-06-27 18:35:58,099] [INFO] tick: 601, speed: 1.4207937717437744, pos: 79.64044952392578
[2025-06-27 18:35:58,100] [INFO] nominal control to pass intersection
[2025-06-27 18:35:58,100] [INFO] acc = 2
[2025-06-27 18:35:58,100] [INFO] VehicleControl(throttle=0.500000, steer=0.000000, brake=0.000000, hand_brake=False, reverse=False, manual_gear_shift=False, gear=0)
[2025-06-27 18:35:58,342] [INFO] tick: 602, speed: 1.6774247884750366, pos: 79.87487030029297
[2025-06-27 18:35:58,343] [INFO] nominal control to pass intersection
[2025-06-27 18:35:58,343] [INFO] acc = 2
[2025-06-27 18:35:58,343] [INFO] VehicleControl(throttle=0.500000, steer=0.000000, brake=0.000000, hand_brake=False, reverse=False, manual_gear_shift=False, gear=0)
[2025-06-27 18:35:58,597] [INFO] tick: 603, speed: 1.9385087490081787, pos: 80.14832305908203
[2025-06-27 18:35:58,597] [INFO] nominal control to pass intersection
[2025-06-27 18:35:58,598] [INFO] acc = 2
[2025-06-27 18:35:58,598] [INFO] VehicleControl(throttle=0.500000, steer=0.000000, brake=0.000000, hand_brake=False, reverse=False, manual_gear_shift=False, gear=0)
[2025-06-27 18:35:58,831] [INFO] tick: 604, speed: 2.190911293029785, pos: 80.46007537841797
[2025-06-27 18:35:58,831] [INFO] nominal control to pass intersection
[2025-06-27 18:35:58,831] [INFO] acc = 2
[2025-06-27 18:35:58,831] [INFO] VehicleControl(throttle=0.500000, steer=0.000000, brake=0.000000, hand_brake=False, reverse=False, manual_gear_shift=False, gear=0)
[2025-06-27 18:35:59,074] [INFO] tick: 605, speed: 2.4268510341644287, pos: 80.80895233154297
[2025-06-27 18:35:59,074] [INFO] nominal control to pass intersection
[2025-06-27 18:35:59,074] [INFO] acc = 2
[2025-06-27 18:35:59,074] [INFO] VehicleControl(throttle=0.500000, steer=0.000000, brake=0.000000, hand_brake=False, reverse=False, manual_gear_shift=False, gear=0)
[2025-06-27 18:35:59,322] [INFO] tick: 606, speed: 2.634063243865967, pos: 81.19043731689453
[2025-06-27 18:35:59,322] [INFO] nominal control to pass intersection
[2025-06-27 18:35:59,322] [INFO] acc = 2
[2025-06-27 18:35:59,322] [INFO] VehicleControl(throttle=0.500000, steer=0.000000, brake=0.000000, hand_brake=False, reverse=False, manual_gear_shift=False, gear=0)
[2025-06-27 18:35:59,573] [INFO] tick: 607, speed: 2.82942795753479, pos: 81.60189056396484
[2025-06-27 18:35:59,573] [INFO] nominal control to pass intersection
[2025-06-27 18:35:59,574] [INFO] acc = 2
[2025-06-27 18:35:59,574] [INFO] VehicleControl(throttle=0.500000, steer=0.000000, brake=0.000000, hand_brake=False, reverse=False, manual_gear_shift=False, gear=0)
[2025-06-27 18:35:59,823] [INFO] tick: 608, speed: 3.017064094543457, pos: 82.04203033447266
[2025-06-27 18:35:59,824] [INFO] nominal control to pass intersection
[2025-06-27 18:35:59,824] [INFO] acc = 2
[2025-06-27 18:35:59,824] [INFO] VehicleControl(throttle=0.500000, steer=0.000000, brake=0.000000, hand_brake=False, reverse=False, manual_gear_shift=False, gear=0)
[2025-06-27 18:36:00,065] [INFO] tick: 609, speed: 3.1981163024902344, pos: 82.5097427368164
[2025-06-27 18:36:00,066] [INFO] nominal control to pass intersection
[2025-06-27 18:36:00,066] [INFO] acc = 2
[2025-06-27 18:36:00,066] [INFO] VehicleControl(throttle=0.500000, steer=0.000000, brake=0.000000, hand_brake=False, reverse=False, manual_gear_shift=False, gear=0)
[2025-06-27 18:36:00,300] [INFO] tick: 610, speed: 3.3730239868164062, pos: 83.00409698486328
[2025-06-27 18:36:00,300] [INFO] nominal control to pass intersection
[2025-06-27 18:36:00,300] [INFO] acc = 2
[2025-06-27 18:36:00,300] [INFO] VehicleControl(throttle=0.500000, steer=0.000000, brake=0.000000, hand_brake=False, reverse=False, manual_gear_shift=False, gear=0)
[2025-06-27 18:36:00,544] [INFO] tick: 611, speed: 3.542052745819092, pos: 83.52423858642578
[2025-06-27 18:36:00,544] [INFO] nominal control to pass intersection
[2025-06-27 18:36:00,544] [INFO] acc = 2
[2025-06-27 18:36:00,544] [INFO] VehicleControl(throttle=0.500000, steer=0.000000, brake=0.000000, hand_brake=False, reverse=False, manual_gear_shift=False, gear=0)
[2025-06-27 18:36:00,779] [INFO] tick: 612, speed: 3.705418825149536, pos: 84.0692367553711
[2025-06-27 18:36:00,780] [INFO] nominal control to pass intersection
[2025-06-27 18:36:00,780] [INFO] acc = 2
[2025-06-27 18:36:00,780] [INFO] VehicleControl(throttle=0.500000, steer=0.000000, brake=0.000000, hand_brake=False, reverse=False, manual_gear_shift=False, gear=0)
[2025-06-27 18:36:01,013] [INFO] tick: 613, speed: 3.8633205890655518, pos: 84.63825225830078
[2025-06-27 18:36:01,013] [INFO] nominal control to pass intersection
[2025-06-27 18:36:01,013] [INFO] acc = 2
[2025-06-27 18:36:01,013] [INFO] VehicleControl(throttle=0.500000, steer=0.000000, brake=0.000000, hand_brake=False, reverse=False, manual_gear_shift=False, gear=0)
[2025-06-27 18:36:01,247] [INFO] tick: 614, speed: 4.015946388244629, pos: 85.23053741455078
[2025-06-27 18:36:01,247] [INFO] nominal control to pass intersection
[2025-06-27 18:36:01,247] [INFO] acc = 2
[2025-06-27 18:36:01,247] [INFO] VehicleControl(throttle=0.500000, steer=0.000000, brake=0.000000, hand_brake=False, reverse=False, manual_gear_shift=False, gear=0)
[2025-06-27 18:36:01,478] [INFO] tick: 615, speed: 4.16347599029541, pos: 85.8452377319336
[2025-06-27 18:36:01,478] [INFO] nominal control to pass intersection
[2025-06-27 18:36:01,478] [INFO] acc = 2
[2025-06-27 18:36:01,478] [INFO] VehicleControl(throttle=0.500000, steer=0.000000, brake=0.000000, hand_brake=False, reverse=False, manual_gear_shift=False, gear=0)
[2025-06-27 18:36:01,709] [INFO] tick: 616, speed: 4.306087017059326, pos: 86.48168182373047
[2025-06-27 18:36:01,709] [INFO] nominal control to pass intersection
[2025-06-27 18:36:01,709] [INFO] acc = 2
[2025-06-27 18:36:01,709] [INFO] VehicleControl(throttle=0.500000, steer=0.000000, brake=0.000000, hand_brake=False, reverse=False, manual_gear_shift=False, gear=0)
[2025-06-27 18:36:01,940] [INFO] tick: 617, speed: 4.44394588470459, pos: 87.13910675048828
[2025-06-27 18:36:01,940] [INFO] nominal control to pass intersection
[2025-06-27 18:36:01,940] [INFO] acc = 2
[2025-06-27 18:36:01,940] [INFO] VehicleControl(throttle=0.500000, steer=0.000000, brake=0.000000, hand_brake=False, reverse=False, manual_gear_shift=False, gear=0)
[2025-06-27 18:36:02,181] [INFO] tick: 618, speed: 4.577212810516357, pos: 87.81685638427734
[2025-06-27 18:36:02,181] [INFO] nominal control to pass intersection
[2025-06-27 18:36:02,181] [INFO] acc = 2
[2025-06-27 18:36:02,181] [INFO] VehicleControl(throttle=0.500000, steer=0.000000, brake=0.000000, hand_brake=False, reverse=False, manual_gear_shift=False, gear=0)
[2025-06-27 18:36:02,421] [INFO] tick: 619, speed: 4.7060465812683105, pos: 88.51424407958984
[2025-06-27 18:36:02,421] [INFO] nominal control to pass intersection
[2025-06-27 18:36:02,421] [INFO] acc = 2
[2025-06-27 18:36:02,421] [INFO] VehicleControl(throttle=0.500000, steer=0.000000, brake=0.000000, hand_brake=False, reverse=False, manual_gear_shift=False, gear=0)
[2025-06-27 18:36:02,665] [INFO] tick: 620, speed: 4.830597877502441, pos: 89.23058319091797
[2025-06-27 18:36:02,665] [INFO] nominal control to pass intersection
[2025-06-27 18:36:02,665] [INFO] acc = 2
[2025-06-27 18:36:02,665] [INFO] VehicleControl(throttle=0.500000, steer=0.000000, brake=0.000000, hand_brake=False, reverse=False, manual_gear_shift=False, gear=0)
[2025-06-27 18:36:02,916] [INFO] tick: 621, speed: 4.951010227203369, pos: 89.96527862548828
[2025-06-27 18:36:02,917] [INFO] nominal control to pass intersection
[2025-06-27 18:36:02,917] [INFO] acc = 2
[2025-06-27 18:36:02,917] [INFO] VehicleControl(throttle=0.500000, steer=0.000000, brake=0.000000, hand_brake=False, reverse=False, manual_gear_shift=False, gear=0)
[2025-06-27 18:36:03,159] [INFO] tick: 622, speed: 5.067476272583008, pos: 90.71764373779297
[2025-06-27 18:36:03,160] [INFO] nominal control to pass intersection
[2025-06-27 18:36:03,160] [INFO] acc = 0
[2025-06-27 18:36:03,160] [INFO] VehicleControl(throttle=0.000000, steer=0.000000, brake=0.000000, hand_brake=False, reverse=False, manual_gear_shift=False, gear=0)
[2025-06-27 18:36:03,382] [INFO] tick: 623, speed: 5.168703556060791, pos: 91.48688507080078
[2025-06-27 18:36:03,382] [INFO] nominal control to pass intersection
[2025-06-27 18:36:03,382] [INFO] acc = 0
[2025-06-27 18:36:03,382] [INFO] VehicleControl(throttle=0.000000, steer=0.000000, brake=0.000000, hand_brake=False, reverse=False, manual_gear_shift=False, gear=0)
[2025-06-27 18:36:03,616] [INFO] tick: 624, speed: 4.957301616668701, pos: 92.24675750732422
[2025-06-27 18:36:03,616] [INFO] nominal control to pass intersection
[2025-06-27 18:36:03,616] [INFO] acc = 2
[2025-06-27 18:36:03,616] [INFO] VehicleControl(throttle=0.500000, steer=0.000000, brake=0.000000, hand_brake=False, reverse=False, manual_gear_shift=False, gear=0)
[2025-06-27 18:36:03,856] [INFO] tick: 625, speed: 4.708460807800293, pos: 92.97026824951172
[2025-06-27 18:36:03,856] [INFO] nominal control to pass intersection
[2025-06-27 18:36:03,856] [INFO] acc = 2
[2025-06-27 18:36:03,856] [INFO] VehicleControl(throttle=0.500000, steer=0.000000, brake=0.000000, hand_brake=False, reverse=False, manual_gear_shift=False, gear=0)
[2025-06-27 18:36:04,102] [INFO] tick: 626, speed: 4.6152024269104, pos: 93.6656265258789
[2025-06-27 18:36:04,102] [INFO] nominal control to pass intersection
[2025-06-27 18:36:04,102] [INFO] acc = 2
[2025-06-27 18:36:04,102] [INFO] VehicleControl(throttle=0.500000, steer=0.000000, brake=0.000000, hand_brake=False, reverse=False, manual_gear_shift=False, gear=0)
[2025-06-27 18:36:04,340] [INFO] tick: 627, speed: 4.676280498504639, pos: 94.36209869384766
[2025-06-27 18:36:04,340] [INFO] nominal control to pass intersection
[2025-06-27 18:36:04,340] [INFO] acc = 2
[2025-06-27 18:36:04,340] [INFO] VehicleControl(throttle=0.500000, steer=0.000000, brake=0.000000, hand_brake=False, reverse=False, manual_gear_shift=False, gear=0)
[2025-06-27 18:36:04,576] [INFO] tick: 628, speed: 4.78113317489624, pos: 95.07205963134766
[2025-06-27 18:36:04,576] [INFO] nominal control to pass intersection
[2025-06-27 18:36:04,576] [INFO] acc = 2
[2025-06-27 18:36:04,576] [INFO] VehicleControl(throttle=0.500000, steer=0.000000, brake=0.000000, hand_brake=False, reverse=False, manual_gear_shift=False, gear=0)
[2025-06-27 18:36:04,812] [INFO] tick: 629, speed: 4.89663553237915, pos: 95.79878997802734
[2025-06-27 18:36:04,813] [INFO] nominal control to pass intersection
[2025-06-27 18:36:04,813] [INFO] acc = 2
[2025-06-27 18:36:04,813] [INFO] VehicleControl(throttle=0.500000, steer=0.000000, brake=0.000000, hand_brake=False, reverse=False, manual_gear_shift=False, gear=0)
[2025-06-27 18:36:05,034] [INFO] tick: 630, speed: 5.012829780578613, pos: 96.54305267333984
[2025-06-27 18:36:05,034] [INFO] nominal control to pass intersection
[2025-06-27 18:36:05,034] [INFO] acc = 0
[2025-06-27 18:36:05,034] [INFO] VehicleControl(throttle=0.000000, steer=0.000000, brake=0.000000, hand_brake=False, reverse=False, manual_gear_shift=False, gear=0)
[2025-06-27 18:36:05,258] [INFO] tick: 631, speed: 5.115286827087402, pos: 97.3042221069336
[2025-06-27 18:36:05,258] [INFO] nominal control to pass intersection
[2025-06-27 18:36:05,258] [INFO] acc = 0
[2025-06-27 18:36:05,258] [INFO] VehicleControl(throttle=0.000000, steer=0.000000, brake=0.000000, hand_brake=False, reverse=False, manual_gear_shift=False, gear=0)
[2025-06-27 18:36:05,482] [INFO] tick: 632, speed: 4.945986270904541, pos: 98.0605239868164
[2025-06-27 18:36:05,482] [INFO] nominal control to pass intersection
[2025-06-27 18:36:05,482] [INFO] acc = 2
[2025-06-27 18:36:05,482] [INFO] VehicleControl(throttle=0.500000, steer=0.000000, brake=0.000000, hand_brake=False, reverse=False, manual_gear_shift=False, gear=0)
[2025-06-27 18:36:05,706] [INFO] tick: 633, speed: 4.678415775299072, pos: 98.78044891357422
[2025-06-27 18:36:05,706] [INFO] nominal control to pass intersection
[2025-06-27 18:36:05,706] [INFO] acc = 2
[2025-06-27 18:36:05,706] [INFO] VehicleControl(throttle=0.500000, steer=0.000000, brake=0.000000, hand_brake=False, reverse=False, manual_gear_shift=False, gear=0)
[2025-06-27 18:36:05,930] [INFO] tick: 634, speed: 4.580996990203857, pos: 99.4708480834961
[2025-06-27 18:36:05,930] [INFO] nominal control to pass intersection
[2025-06-27 18:36:05,930] [INFO] acc = 2
[2025-06-27 18:36:05,930] [INFO] VehicleControl(throttle=0.500000, steer=0.000000, brake=0.000000, hand_brake=False, reverse=False, manual_gear_shift=False, gear=0)
[2025-06-27 18:36:06,159] [INFO] tick: 635, speed: 4.641895294189453, pos: 100.16219329833984
[2025-06-27 18:36:06,160] [INFO] nominal control to pass intersection
[2025-06-27 18:36:06,160] [INFO] acc = 2
[2025-06-27 18:36:06,160] [INFO] VehicleControl(throttle=0.500000, steer=0.000000, brake=0.000000, hand_brake=False, reverse=False, manual_gear_shift=False, gear=0)
